This file contains any messages produced by compilers while
running configure, to aid debugging if configure makes a mistake.

It was created by configure, which was
generated by GNU Autoconf 2.52.20250126.  Invocation command line was

  $ ./configure --prefix=/usr --sysconfdir=/private/etc --localstatedir=/private/var --host=x86_64-apple-darwin --enable-termcap --disable-database --without-dlsym --disable-shared --without-progs --without-manpages --without-tests --without-ada --without-cxx

## ---------- ##
## Platform.  ##
## ---------- ##

hostname = tsuki
uname -m = x86_64
uname -r = 6.19.11-arch1-1
uname -s = Linux
uname -v = #1 SMP PREEMPT_DYNAMIC Thu, 02 Apr 2026 23:33:01 +0000

/usr/bin/uname -p = unknown
/bin/uname -X     = unknown

/bin/arch              = x86_64
/usr/bin/arch -k       = x86_64
/usr/convex/getsysinfo = unknown
hostinfo               = unknown
/bin/machine           = unknown
/usr/bin/oslevel       = unknown
/bin/universe          = unknown

PATH = /Users/zoe/bin:/usr/local/sbin:/usr/local/bin:/usr/bin:/var/lib/flatpak/exports/bin:/usr/lib/jvm/default/bin:/usr/bin/site_perl:/usr/bin/vendor_perl:/usr/bin/core_perl:/usr/lib/rustup/bin

## ------------ ##
## Core tests.  ##
## ------------ ##

configure:1182: PATH=".;."; conftest.sh
./configure: line 1183: conftest.sh: command not found
configure:1185: $? = 127
configure:1202: checking for ggrep
configure:1228: result: no
configure:1202: checking for grep
configure:1217: found /usr/bin/grep
configure:1225: result: grep
configure:1236: checking for egrep
configure:1292: result: grep -E
configure:1303: result: Configuring NCURSES 6.6 ABI 6 (Sat Apr 18 22:22:37 EDT 2026)
configure:1307: checking for package version
configure:1328: result: 6.6
configure:1331: checking for package patch date
configure:1348: result: 20251230
configure:1359: testing ABI VERSION 5:0:10 ...
configure:1363: testing VERSION_MAJOR 6 ...
configure:1367: testing VERSION_MINOR 6 ...
configure:1371: testing VERSION_PATCH 20251230 ...
configure:1514: checking build system type
configure:1532: result: x86_64-pc-linux-gnu
configure:1539: checking host system type
configure:1553: result: x86_64-apple-darwin
configure:1561: checking target system type
configure:1575: result: x86_64-apple-darwin
configure:1607: result: Configuring for darwin
configure:1632: checking for fgrep
configure:1688: result: grep -F
configure:1692: checking for prefix
configure:1704: result: /usr
configure:2143: checking for x86_64-apple-darwin-gcc
configure:2166: result: /nest/build/Developer/Toolchains/Default.xctoolchain/usr/bin/clang
configure:2223: checking for C compiler version
configure:2226: /nest/build/Developer/Toolchains/Default.xctoolchain/usr/bin/clang --version </dev/null >&5
Apple clang version 17.0.6
Target: x86_64-apple-darwin6.19.11-arch1-1
Thread model: posix
InstalledDir: /nest/build/Developer/Toolchains/Default.xctoolchain/usr/bin
configure:2229: $? = 0
configure:2231: /nest/build/Developer/Toolchains/Default.xctoolchain/usr/bin/clang -v </dev/null >&5
Apple clang version 17.0.6
Target: x86_64-apple-darwin6.19.11-arch1-1
Thread model: posix
InstalledDir: /nest/build/Developer/Toolchains/Default.xctoolchain/usr/bin
configure:2234: $? = 0
configure:2236: /nest/build/Developer/Toolchains/Default.xctoolchain/usr/bin/clang -V </dev/null >&5
clang: error: argument to '-V' is missing (expected 1 value)
clang: error: no input files
configure:2239: $? = 1
configure:2259: checking for C compiler default output
configure:2262: /nest/build/Developer/Toolchains/Default.xctoolchain/usr/bin/clang --sysroot=/Developer/Platforms/ravynOS.platform/Developer/SDKs/ravynOS.sdk   conftest.c  >&5
ld: warning: building for macOS 10.2.0 is deprecated
ld: warning: Csu support file -lcrt1.o not found, changing to target macOS 10.8 where it is not needed
configure:2265: $? = 0
configure:2294: result: a.out
configure:2299: checking whether the C compiler works
configure:2305: ./a.out
./configure: line 2306: ./a.out: cannot execute binary file: Exec format error
configure:2308: $? = 126
configure:2323: result: yes
configure:2330: checking whether we are cross compiling
configure:2332: result: yes
configure:2335: checking for executable suffix
configure:2337: /nest/build/Developer/Toolchains/Default.xctoolchain/usr/bin/clang -o conftest --sysroot=/Developer/Platforms/ravynOS.platform/Developer/SDKs/ravynOS.sdk   conftest.c  >&5
ld: warning: building for macOS 10.2.0 is deprecated
ld: warning: Csu support file -lcrt1.o not found, changing to target macOS 10.8 where it is not needed
configure:2340: $? = 0
configure:2362: result: 
configure:2368: checking for object suffix
configure:2386: /nest/build/Developer/Toolchains/Default.xctoolchain/usr/bin/clang -c --sysroot=/Developer/Platforms/ravynOS.platform/Developer/SDKs/ravynOS.sdk  conftest.c >&5
configure:2389: $? = 0
configure:2408: result: o
configure:2412: checking whether we are using the GNU C compiler
configure:2433: /nest/build/Developer/Toolchains/Default.xctoolchain/usr/bin/clang -c --sysroot=/Developer/Platforms/ravynOS.platform/Developer/SDKs/ravynOS.sdk  conftest.c >&5
configure:2436: $? = 0
configure:2439: test -s conftest.o
configure:2442: $? = 0
configure:2454: result: yes
configure:2460: checking whether /nest/build/Developer/Toolchains/Default.xctoolchain/usr/bin/clang accepts -g
configure:2478: /nest/build/Developer/Toolchains/Default.xctoolchain/usr/bin/clang -c -g  conftest.c >&5
configure:2481: $? = 0
configure:2484: test -s conftest.o
configure:2487: $? = 0
configure:2497: result: yes
configure:2524: /nest/build/Developer/Toolchains/Default.xctoolchain/usr/bin/clang -c --sysroot=/Developer/Platforms/ravynOS.platform/Developer/SDKs/ravynOS.sdk  conftest.c >&5
conftest.c:2:3: error: unknown type name 'choke'
    2 |   choke me
      |   ^
conftest.c:2:11: error: expected ';' after top level declarator
    2 |   choke me
      |           ^
      |           ;
2 errors generated.
configure:2527: $? = 1
configure: failed program was:
#ifndef __cplusplus
  choke me
#endif
configure:2628: checking version of /nest/build/Developer/Toolchains/Default.xctoolchain/usr/bin/clang
configure:2632: result: 17.0.6
configure:2692: checking if this is really Clang C compiler
configure:2713: /nest/build/Developer/Toolchains/Default.xctoolchain/usr/bin/clang -c --sysroot=/Developer/Platforms/ravynOS.platform/Developer/SDKs/ravynOS.sdk  conftest.c >&5
configure:2716: $? = 0
configure:2719: test -s conftest.o
configure:2722: $? = 0
configure:2732: result: yes
configure:2748: checking version of /nest/build/Developer/Toolchains/Default.xctoolchain/usr/bin/clang
configure:2752: result: 17.0.6
configure:2759: checking if option -Qunused-arguments works
configure:2778: /nest/build/Developer/Toolchains/Default.xctoolchain/usr/bin/clang -o conftest --sysroot=/Developer/Platforms/ravynOS.platform/Developer/SDKs/ravynOS.sdk -Qunused-arguments   conftest.c  >&5
ld: warning: building for macOS 10.2.0 is deprecated
ld: warning: Csu support file -lcrt1.o not found, changing to target macOS 10.8 where it is not needed
configure:2781: $? = 0
configure:2784: test -s conftest
configure:2787: $? = 0
configure:2798: result: yes
configure:2804: testing adding option -Qunused-arguments ...
configure:2759: checking if option -Wno-error=implicit-function-declaration works
configure:2778: /nest/build/Developer/Toolchains/Default.xctoolchain/usr/bin/clang -o conftest --sysroot=/Developer/Platforms/ravynOS.platform/Developer/SDKs/ravynOS.sdk -Qunused-arguments -Wno-error=implicit-function-declaration   conftest.c  >&5
ld: warning: building for macOS 10.2.0 is deprecated
ld: warning: Csu support file -lcrt1.o not found, changing to target macOS 10.8 where it is not needed
configure:2781: $? = 0
configure:2784: test -s conftest
configure:2787: $? = 0
configure:2798: result: yes
configure:2804: testing adding option -Wno-error=implicit-function-declaration ...
configure:2813: checking for /nest/build/Developer/Toolchains/Default.xctoolchain/usr/bin/clang option to accept ANSI C
configure:2868: /nest/build/Developer/Toolchains/Default.xctoolchain/usr/bin/clang  -c --sysroot=/Developer/Platforms/ravynOS.platform/Developer/SDKs/ravynOS.sdk -Qunused-arguments -Wno-error=implicit-function-declaration  conftest.c >&5
configure:2871: $? = 0
configure:2874: test -s conftest.o
configure:2877: $? = 0
configure:2894: result: none needed
configure:2905: checking $CFLAGS variable
configure:3019: result: ok
configure:3024: checking $CC variable
configure:3159: result: ok
configure:3173: checking how to run the C preprocessor
configure:3199: /nest/build/Developer/Toolchains/Default.xctoolchain/usr/bin/clang -E  conftest.c
configure:3205: $? = 0
configure:3232: /nest/build/Developer/Toolchains/Default.xctoolchain/usr/bin/clang -E  conftest.c
configure:3229:10: fatal error: 'ac_nonexistent.h' file not found
 3229 | #include <ac_nonexistent.h>
      |          ^~~~~~~~~~~~~~~~~~
1 error generated.
configure:3238: $? = 1
configure: failed program was:
#line 3228 "configure"
#include "confdefs.h"
#include <ac_nonexistent.h>
configure:3275: result: /nest/build/Developer/Toolchains/Default.xctoolchain/usr/bin/clang -E
configure:3290: /nest/build/Developer/Toolchains/Default.xctoolchain/usr/bin/clang -E  conftest.c
configure:3296: $? = 0
configure:3323: /nest/build/Developer/Toolchains/Default.xctoolchain/usr/bin/clang -E  conftest.c
configure:3320:10: fatal error: 'ac_nonexistent.h' file not found
 3320 | #include <ac_nonexistent.h>
      |          ^~~~~~~~~~~~~~~~~~
1 error generated.
configure:3329: $? = 1
configure: failed program was:
#line 3319 "configure"
#include "confdefs.h"
#include <ac_nonexistent.h>
configure:3370: checking whether /nest/build/Developer/Toolchains/Default.xctoolchain/usr/bin/clang needs -traditional
configure:3393:10: fatal error: 'termio.h' file not found
 3393 | #include <termio.h>
      |          ^~~~~~~~~~
1 error generated.
configure:3405: result: no
configure:3412: checking whether /nest/build/Developer/Toolchains/Default.xctoolchain/usr/bin/clang understands -c and -o together
configure:3427: /nest/build/Developer/Toolchains/Default.xctoolchain/usr/bin/clang --sysroot=/Developer/Platforms/ravynOS.platform/Developer/SDKs/ravynOS.sdk -Qunused-arguments -Wno-error=implicit-function-declaration  -c conftest.c -o conftest2.o >&5
configure:3430: $? = 0
configure:3432: /nest/build/Developer/Toolchains/Default.xctoolchain/usr/bin/clang --sysroot=/Developer/Platforms/ravynOS.platform/Developer/SDKs/ravynOS.sdk -Qunused-arguments -Wno-error=implicit-function-declaration  -c conftest.c -o conftest2.o >&5
configure:3435: $? = 0
configure:3446: result: yes
configure:3502: checking if you want to ensure bool is consistent with C++
configure:3512: result: no
configure:3958: checking if you want to build C++ binding and demo
configure:3968: result: no
configure:3971: checking if you want to build with Ada
configure:3973: result: no
configure:3976: checking if you want to install terminal database
configure:3986: result: yes
configure:3989: checking if you want to install manpages
configure:3999: result: no
configure:4002: checking if you want to build programs such as tic
configure:4012: result: no
configure:4015: checking if you want to build test-programs
configure:4025: result: no
configure:4028: checking if you wish to install curses.h
configure:4038: result: yes
configure:4062: checking for mawk
configure:4088: result: no
configure:4062: checking for gawk
configure:4077: found /usr/bin/gawk
configure:4085: result: gawk
configure:4122: checking for a BSD compatible install
configure:4171: result: /usr/bin/install -c
configure:4205: checking for lint
configure:4231: result: no
configure:4205: checking for cppcheck
configure:4231: result: no
configure:4205: checking for splint
configure:4231: result: no
configure:4247: checking whether ln -s works
configure:4251: result: yes
configure:4258: checking if ln -s -f options work
configure:4270: result: yes
configure:4275: checking for long file names
configure:4314: result: yes
configure:4343: checking if you want to use pkg-config
configure:4353: result: yes
configure:4365: checking for x86_64-apple-darwin-pkg-config
configure:4396: result: no
configure:4405: checking for pkg-config
configure:4422: found /usr/bin/pkg-config
configure:4434: result: /usr/bin/pkg-config
configure:4495: checking for /usr/bin/pkg-config library directory
configure:4538: result: auto
configure:4542: checking for search-list
configure:4577: result: /usr/lib/pkgconfig /usr/share/pkgconfig
configure:4589: checking for first directory
configure:4600: result: /usr/lib/pkgconfig
configure:4640: checking if we should install .pc files for /usr/bin/pkg-config
configure:4654: result: no
configure:4726: checking if we should assume mixed-case filenames
configure:4736: result: auto
configure:4740: checking if filesystem supports mixed-case filenames
configure:4767: result: yes
configure:4786: checking whether make sets ${MAKE}
configure:4806: result: yes
configure:4815: checking for ".PHONY" make-support
** making always.out 1
echo 1 > always.out
** making always 1
** making once.out 1
echo 1 > once.out
** making once 1
make: Nothing to be done for 'always'.
touch once
** making always.out 2
echo 2 > always.out
** making always 2
** making once.out 2
echo 2 > once.out
make: Nothing to be done for 'always'.
make: 'once' is up to date.
** making always.out 3
echo 3 > always.out
** making always 3
** making once.out 3
echo 3 > once.out
make: Nothing to be done for 'always'.
make: 'once' is up to date.
configure:4870: result: yes
configure:4881: checking for exctags
configure:4907: result: no
configure:4881: checking for ctags
configure:4907: result: no
configure:4918: checking for exetags
configure:4944: result: no
configure:4918: checking for etags
configure:4933: found /usr/bin/etags
configure:4941: result: etags
configure:4953: checking for ctags
configure:4977: result: no
configure:4987: checking for etags
configure:5002: found /usr/bin/etags
configure:5011: result: yes
configure:5037: checking for x86_64-apple-darwin-ranlib
configure:5063: result: no
configure:5072: checking for ranlib
configure:5087: found /usr/bin/ranlib
configure:5096: result: ranlib
configure:5111: checking for x86_64-apple-darwin-ld
configure:5134: result: /nest/build/Developer/Toolchains/Default.xctoolchain/usr/bin/ld64
configure:5185: checking for x86_64-apple-darwin-ar
configure:5211: result: no
configure:5220: checking for ar
configure:5235: found /usr/bin/ar
configure:5244: result: ar
configure:5259: checking for x86_64-apple-darwin-nm
configure:5285: result: no
configure:5294: checking for nm
configure:5309: found /usr/bin/nm
configure:5318: result: nm
configure:5333: checking for x86_64-apple-darwin-ar
configure:5356: result: ar
configure:5404: checking for options to update archives
configure:5444: /nest/build/Developer/Toolchains/Default.xctoolchain/usr/bin/clang -c --sysroot=/Developer/Platforms/ravynOS.platform/Developer/SDKs/ravynOS.sdk -Qunused-arguments -Wno-error=implicit-function-declaration  conftest.c >&5
configure:5447: $? = 0
ar  -curvU conftest.a conftest.o
configure:5468: result: -curvU
configure:5479: checking for an installation directory prefix
configure:5492: result: (none)
configure:5498: checking if installation directory prefix should be merged
configure:5515: result: no
configure:5556: checking for gcc
configure:5571: found /usr/bin/gcc
configure:5579: result: gcc
configure:5591: checking for native build C compiler
configure:5593: result: gcc
configure:5596: checking for native build C preprocessor
configure:5606: result: ${BUILD_CC} -E
configure:5609: checking for native build C flags
configure:5617: result: 
configure:5620: checking for native build C preprocessor-flags
configure:5628: result: 
configure:5631: checking for native build linker-flags
configure:5639: result: 
configure:5642: checking for native build linker-libraries
configure:5650: result: 
configure:5659: checking if the build-compiler "gcc" works
configure:5683: gcc -o conftest    conftest.c  >&5
configure:5686: $? = 0
configure:5688: ./conftest
configure:5691: $? = 0
configure:5706: result: yes
configure:5736: checking if libtool -version-number should be used
configure:5753: result: yes
configure:5802: checking if you want to build libraries with libtool
configure:5812: result: no
configure:6122: checking if you want to build shared libraries
configure:6132: result: no
configure:6136: checking if you want to build static libraries
configure:6146: result: yes
configure:6150: checking if you want to build debug libraries
configure:6160: result: yes
configure:6164: checking if you want to build profiling libraries
configure:6174: result: no
configure:6199: checking for specified models
configure:6203: result:  normal debug
configure:6208: checking for default model
configure:6211: result: normal
configure:6225: checking if you want to have a library-prefix
configure:6235: result: auto
configure:6266: checking for PATH separator
configure:6273: result: :
configure:6277: checking for ANSI C header files
configure:6291: /nest/build/Developer/Toolchains/Default.xctoolchain/usr/bin/clang -E  conftest.c
configure:6297: $? = 0
configure:6405: result: yes
configure:6421: checking for sys/types.h
configure:6433: /nest/build/Developer/Toolchains/Default.xctoolchain/usr/bin/clang -c --sysroot=/Developer/Platforms/ravynOS.platform/Developer/SDKs/ravynOS.sdk -Qunused-arguments -Wno-error=implicit-function-declaration  conftest.c >&5
configure:6436: $? = 0
configure:6439: test -s conftest.o
configure:6442: $? = 0
configure:6452: result: yes
configure:6421: checking for sys/stat.h
configure:6433: /nest/build/Developer/Toolchains/Default.xctoolchain/usr/bin/clang -c --sysroot=/Developer/Platforms/ravynOS.platform/Developer/SDKs/ravynOS.sdk -Qunused-arguments -Wno-error=implicit-function-declaration  conftest.c >&5
configure:6436: $? = 0
configure:6439: test -s conftest.o
configure:6442: $? = 0
configure:6452: result: yes
configure:6421: checking for stdlib.h
configure:6433: /nest/build/Developer/Toolchains/Default.xctoolchain/usr/bin/clang -c --sysroot=/Developer/Platforms/ravynOS.platform/Developer/SDKs/ravynOS.sdk -Qunused-arguments -Wno-error=implicit-function-declaration  conftest.c >&5
configure:6436: $? = 0
configure:6439: test -s conftest.o
configure:6442: $? = 0
configure:6452: result: yes
configure:6421: checking for string.h
configure:6433: /nest/build/Developer/Toolchains/Default.xctoolchain/usr/bin/clang -c --sysroot=/Developer/Platforms/ravynOS.platform/Developer/SDKs/ravynOS.sdk -Qunused-arguments -Wno-error=implicit-function-declaration  conftest.c >&5
configure:6436: $? = 0
configure:6439: test -s conftest.o
configure:6442: $? = 0
configure:6452: result: yes
configure:6421: checking for memory.h
configure:6433: /nest/build/Developer/Toolchains/Default.xctoolchain/usr/bin/clang -c --sysroot=/Developer/Platforms/ravynOS.platform/Developer/SDKs/ravynOS.sdk -Qunused-arguments -Wno-error=implicit-function-declaration  conftest.c >&5
configure:6436: $? = 0
configure:6439: test -s conftest.o
configure:6442: $? = 0
configure:6452: result: yes
configure:6421: checking for strings.h
configure:6433: /nest/build/Developer/Toolchains/Default.xctoolchain/usr/bin/clang -c --sysroot=/Developer/Platforms/ravynOS.platform/Developer/SDKs/ravynOS.sdk -Qunused-arguments -Wno-error=implicit-function-declaration  conftest.c >&5
configure:6436: $? = 0
configure:6439: test -s conftest.o
configure:6442: $? = 0
configure:6452: result: yes
configure:6421: checking for inttypes.h
configure:6433: /nest/build/Developer/Toolchains/Default.xctoolchain/usr/bin/clang -c --sysroot=/Developer/Platforms/ravynOS.platform/Developer/SDKs/ravynOS.sdk -Qunused-arguments -Wno-error=implicit-function-declaration  conftest.c >&5
configure:6436: $? = 0
configure:6439: test -s conftest.o
configure:6442: $? = 0
configure:6452: result: yes
configure:6421: checking for stdint.h
configure:6433: /nest/build/Developer/Toolchains/Default.xctoolchain/usr/bin/clang -c --sysroot=/Developer/Platforms/ravynOS.platform/Developer/SDKs/ravynOS.sdk -Qunused-arguments -Wno-error=implicit-function-declaration  conftest.c >&5
configure:6436: $? = 0
configure:6439: test -s conftest.o
configure:6442: $? = 0
configure:6452: result: yes
configure:6421: checking for unistd.h
configure:6433: /nest/build/Developer/Toolchains/Default.xctoolchain/usr/bin/clang -c --sysroot=/Developer/Platforms/ravynOS.platform/Developer/SDKs/ravynOS.sdk -Qunused-arguments -Wno-error=implicit-function-declaration  conftest.c >&5
configure:6436: $? = 0
configure:6439: test -s conftest.o
configure:6442: $? = 0
configure:6452: result: yes
configure:6462: checking whether exit is declared
configure:6483: /nest/build/Developer/Toolchains/Default.xctoolchain/usr/bin/clang -c --sysroot=/Developer/Platforms/ravynOS.platform/Developer/SDKs/ravynOS.sdk -Qunused-arguments -Wno-error=implicit-function-declaration  conftest.c >&5
configure:6486: $? = 0
configure:6489: test -s conftest.o
configure:6492: $? = 0
configure:6502: result: yes
configure:6508: checking for dirent.h that defines DIR
configure:6529: /nest/build/Developer/Toolchains/Default.xctoolchain/usr/bin/clang -c --sysroot=/Developer/Platforms/ravynOS.platform/Developer/SDKs/ravynOS.sdk -Qunused-arguments -Wno-error=implicit-function-declaration  conftest.c >&5
configure:6532: $? = 0
configure:6535: test -s conftest.o
configure:6538: $? = 0
configure:6548: result: yes
configure:6561: checking for opendir in -ldir
configure:6588: /nest/build/Developer/Toolchains/Default.xctoolchain/usr/bin/clang -o conftest --sysroot=/Developer/Platforms/ravynOS.platform/Developer/SDKs/ravynOS.sdk -Qunused-arguments -Wno-error=implicit-function-declaration   conftest.c -ldir   >&5
ld: warning: building for macOS 10.2.0 is deprecated
ld: warning: Csu support file -lcrt1.o not found, changing to target macOS 10.8 where it is not needed
ld: library not found for -ldir
clang: error: linker command failed with exit code 1 (use -v to see invocation)
configure:6591: $? = 1
configure: failed program was:
#line 6569 "configure"
#include "confdefs.h"

/* Override any gcc2 internal prototype to avoid an error.  */
#ifdef __cplusplus
extern "C"
#endif
/* We use char because int might match the return type of a gcc2
   builtin and then its argument prototype would still apply.  */
char opendir (void);
int
main (void)
{
opendir ();
  ;
  return 0;
}
configure:6608: result: no
configure:6672: checking if you want to build a separate terminfo library
configure:6682: result: no
configure:6685: checking if you want to build a separate tic library
configure:6695: result: no
configure:6708: checking for default loader flags
configure:6717: result: (none)
configure:6757: checking for an rpath option
configure:6788: result: 
configure:6867: checking whether to use release or ABI version in shared library file names
configure:6893: result: auto
configure:6916: checking which /nest/build/Developer/Toolchains/Default.xctoolchain/usr/bin/clang option to use
configure:6935: /nest/build/Developer/Toolchains/Default.xctoolchain/usr/bin/clang -c --sysroot=/Developer/Platforms/ravynOS.platform/Developer/SDKs/ravynOS.sdk -Qunused-arguments -Wno-error=implicit-function-declaration -fPIC  conftest.c >&5
configure:6938: $? = 0
configure:6941: test -s conftest.o
configure:6944: $? = 0
configure:6953: result: -fPIC
configure:7024: checking if ld -search_paths_first works
configure:7045: /nest/build/Developer/Toolchains/Default.xctoolchain/usr/bin/clang -o conftest --sysroot=/Developer/Platforms/ravynOS.platform/Developer/SDKs/ravynOS.sdk -Qunused-arguments -Wno-error=implicit-function-declaration   -Wl,-search_paths_first conftest.c  >&5
ld: warning: building for macOS 10.2.0 is deprecated
ld: warning: Csu support file -lcrt1.o not found, changing to target macOS 10.8 where it is not needed
configure:7048: $? = 0
configure:7051: test -s conftest
configure:7054: $? = 0
configure:7065: result: yes
configure:7495: checking if CFLAGS option -no-cpp-precomp works
configure:7497: /nest/build/Developer/Toolchains/Default.xctoolchain/usr/bin/clang -c --sysroot=/Developer/Platforms/ravynOS.platform/Developer/SDKs/ravynOS.sdk -Qunused-arguments -Wno-error=implicit-function-declaration -no-cpp-precomp  conftest.c >&5
configure:7500: $? = 0
configure:7502: result: yes
configure:7521: testing CC_SHARED_OPTS: -dynamic ...
configure:7525: testing MK_SHARED_LIB:  ${CC} ${LDFLAGS} ${CFLAGS} -dynamiclib -install_name ${libdir}/`basename $@` -compatibility_version ${ABI_VERSION} -current_version ${ABI_VERSION} -o $@ ...
configure:7784: checking if you want to link with the GPM mouse library
configure:7794: result: maybe
configure:7798: checking for gpm.h
configure:7808: /nest/build/Developer/Toolchains/Default.xctoolchain/usr/bin/clang -E  conftest.c
configure:7814: $? = 0
configure:7833: result: yes
configure:7852: checking for Gpm_Open in -lgpm
configure:7879: /nest/build/Developer/Toolchains/Default.xctoolchain/usr/bin/clang -o conftest --sysroot=/Developer/Platforms/ravynOS.platform/Developer/SDKs/ravynOS.sdk -Qunused-arguments -Wno-error=implicit-function-declaration -no-cpp-precomp   -Wl,-search_paths_first conftest.c -lgpm   >&5
ld: warning: building for macOS 10.2.0 is deprecated
ld: warning: Csu support file -lcrt1.o not found, changing to target macOS 10.8 where it is not needed
ld: library not found for -lgpm
clang: error: linker command failed with exit code 1 (use -v to see invocation)
configure:7882: $? = 1
configure: failed program was:
#line 7860 "configure"
#include "confdefs.h"

/* Override any gcc2 internal prototype to avoid an error.  */
#ifdef __cplusplus
extern "C"
#endif
/* We use char because int might match the return type of a gcc2
   builtin and then its argument prototype would still apply.  */
char Gpm_Open (void);
int
main (void)
{
Gpm_Open ();
  ;
  return 0;
}
configure:7899: result: no
configure:7906: WARNING: Cannot link with GPM library
configure:8377: checking if you want to use PCRE2 for regular-expressions
configure:8386: result: no
configure:8891: checking if you want to disable library suffixes
configure:8908: result: no
configure:9177: checking if you want to disable extra LDFLAGS for package-scripts
configure:9194: result: no
configure:9202: checking for extra suffix to append to header/library paths
configure:9221: result: (none)
configure:9225: checking if you wish to install ncurses overwriting curses
configure:9235: result: yes
configure:9238: checking if external terminfo-database is used
configure:9248: result: no
configure:9291: checking for list of fallback terminal descriptions
configure:9301: result: (none)
configure:9325: checking for x86_64-apple-darwin-tic
configure:9351: result: no
configure:9360: checking for tic
configure:9375: found /usr/bin/tic
configure:9383: result: tic
configure:9398: checking for x86_64-apple-darwin-infocmp
configure:9424: result: no
configure:9433: checking for infocmp
configure:9448: found /usr/bin/infocmp
configure:9456: result: infocmp
configure:9791: checking if you want modern xterm or antique
configure:9805: result: xterm-new
configure:9818: checking if xterm backspace-key sends BS or DEL
configure:9842: result: DEL
configure:9988: checking if big-core option selected
configure:10034: result: no
configure:10044: checking if big-strings option selected
configure:10068: result: yes
configure:10075: checking if you want termcap-fallback support
configure:10085: result: yes
configure:10111: checking for list of termcap files
configure:10172: result: /etc/termcap:/usr/share/misc/termcap
configure:10180: checking if fast termcap-loader is needed
configure:10190: result: no
configure:10197: checking if translated termcaps will be cached in ~/.terminfo
configure:10207: result: no
configure:10217: checking if ~/.terminfo is wanted
configure:10227: result: yes
configure:10234: checking for conventional multiuser system
configure:10255: result: yes
configure:10260: checking if you want to permit root to use ncurses environment variables
configure:10270: result: yes
configure:10277: checking if you want to permit setuid programs to access all files
configure:10287: result: yes
configure:10294: checking if you want to permit setuid use of ncurses environment variables
configure:10304: result: yes
configure:10328: checking for unistd.h
configure:10363: result: yes
configure:10378: checking for remove
configure:10415: /nest/build/Developer/Toolchains/Default.xctoolchain/usr/bin/clang -o conftest --sysroot=/Developer/Platforms/ravynOS.platform/Developer/SDKs/ravynOS.sdk -Qunused-arguments -Wno-error=implicit-function-declaration -no-cpp-precomp   -Wl,-search_paths_first conftest.c  >&5
ld: warning: building for macOS 10.2.0 is deprecated
ld: warning: Csu support file -lcrt1.o not found, changing to target macOS 10.8 where it is not needed
configure:10418: $? = 0
configure:10421: test -s conftest
configure:10424: $? = 0
configure:10434: result: yes
configure:10378: checking for unlink
configure:10415: /nest/build/Developer/Toolchains/Default.xctoolchain/usr/bin/clang -o conftest --sysroot=/Developer/Platforms/ravynOS.platform/Developer/SDKs/ravynOS.sdk -Qunused-arguments -Wno-error=implicit-function-declaration -no-cpp-precomp   -Wl,-search_paths_first conftest.c  >&5
ld: warning: building for macOS 10.2.0 is deprecated
ld: warning: Csu support file -lcrt1.o not found, changing to target macOS 10.8 where it is not needed
configure:10418: $? = 0
configure:10421: test -s conftest
configure:10424: $? = 0
configure:10434: result: yes
configure:10451: checking for link
configure:10488: /nest/build/Developer/Toolchains/Default.xctoolchain/usr/bin/clang -o conftest --sysroot=/Developer/Platforms/ravynOS.platform/Developer/SDKs/ravynOS.sdk -Qunused-arguments -Wno-error=implicit-function-declaration -no-cpp-precomp   -Wl,-search_paths_first conftest.c  >&5
ld: warning: building for macOS 10.2.0 is deprecated
ld: warning: Csu support file -lcrt1.o not found, changing to target macOS 10.8 where it is not needed
configure:10491: $? = 0
configure:10494: test -s conftest
configure:10497: $? = 0
configure:10507: result: yes
configure:10451: checking for symlink
configure:10488: /nest/build/Developer/Toolchains/Default.xctoolchain/usr/bin/clang -o conftest --sysroot=/Developer/Platforms/ravynOS.platform/Developer/SDKs/ravynOS.sdk -Qunused-arguments -Wno-error=implicit-function-declaration -no-cpp-precomp   -Wl,-search_paths_first conftest.c  >&5
ld: warning: building for macOS 10.2.0 is deprecated
ld: warning: Csu support file -lcrt1.o not found, changing to target macOS 10.8 where it is not needed
configure:10491: $? = 0
configure:10494: test -s conftest
configure:10497: $? = 0
configure:10507: result: yes
configure:10611: checking if tic should use symbolic links
configure:10621: result: no
configure:10628: checking if tic should use hard links
configure:10635: result: yes
configure:10651: checking if you want broken-linker support code
configure:10661: result: no
configure:10675: checking if tputs should process BSD-style prefix padding
configure:10685: result: no
configure:10704: checking if the POSIX test-macros are already defined
configure:10730: /nest/build/Developer/Toolchains/Default.xctoolchain/usr/bin/clang -c --sysroot=/Developer/Platforms/ravynOS.platform/Developer/SDKs/ravynOS.sdk -Qunused-arguments -Wno-error=implicit-function-declaration -no-cpp-precomp  conftest.c >&5
configure:10733: $? = 0
configure:10736: test -s conftest.o
configure:10739: $? = 0
configure:10750: result: no
configure:12284: testing add to $CPPFLAGS -D_DARWIN_C_SOURCE ...
configure:12626: checking if SIGWINCH is defined
configure:12648: /nest/build/Developer/Toolchains/Default.xctoolchain/usr/bin/clang -c --sysroot=/Developer/Platforms/ravynOS.platform/Developer/SDKs/ravynOS.sdk -Qunused-arguments -Wno-error=implicit-function-declaration -no-cpp-precomp -D_DARWIN_C_SOURCE conftest.c >&5
configure:12651: $? = 0
configure:12654: test -s conftest.o
configure:12657: $? = 0
configure:12705: result: yes
configure:12775: checking for nl_langinfo and CODESET
configure:12795: /nest/build/Developer/Toolchains/Default.xctoolchain/usr/bin/clang -o conftest --sysroot=/Developer/Platforms/ravynOS.platform/Developer/SDKs/ravynOS.sdk -Qunused-arguments -Wno-error=implicit-function-declaration -no-cpp-precomp -D_DARWIN_C_SOURCE  -Wl,-search_paths_first conftest.c  >&5
ld: warning: building for macOS 10.2.0 is deprecated
ld: warning: Csu support file -lcrt1.o not found, changing to target macOS 10.8 where it is not needed
configure:12798: $? = 0
configure:12801: test -s conftest
configure:12804: $? = 0
configure:12815: result: yes
configure:12829: checking if you want wide-character code
configure:12839: result: yes
configure:12861: WARNING: _XOPEN_SOURCE feature test macro appears to be predefined
configure:12874: checking for wchar.h
configure:12884: /nest/build/Developer/Toolchains/Default.xctoolchain/usr/bin/clang -E -D_DARWIN_C_SOURCE conftest.c
configure:12890: $? = 0
configure:12909: result: yes
configure:12874: checking for wctype.h
configure:12884: /nest/build/Developer/Toolchains/Default.xctoolchain/usr/bin/clang -E -D_DARWIN_C_SOURCE conftest.c
configure:12890: $? = 0
configure:12909: result: yes
configure:12919: checking if wchar.h can be used as is
configure:12948: /nest/build/Developer/Toolchains/Default.xctoolchain/usr/bin/clang -c --sysroot=/Developer/Platforms/ravynOS.platform/Developer/SDKs/ravynOS.sdk -Qunused-arguments -Wno-error=implicit-function-declaration -no-cpp-precomp -D_DARWIN_C_SOURCE conftest.c >&5
configure:12951: $? = 0
configure:12954: test -s conftest.o
configure:12957: $? = 0
configure:12967: result: yes
configure:13063: checking if wcwidth agrees graphics are single-width
configure:13200: result: unknown
configure:13211: checking for putwc
configure:13248: /nest/build/Developer/Toolchains/Default.xctoolchain/usr/bin/clang -o conftest --sysroot=/Developer/Platforms/ravynOS.platform/Developer/SDKs/ravynOS.sdk -Qunused-arguments -Wno-error=implicit-function-declaration -no-cpp-precomp -D_DARWIN_C_SOURCE  -Wl,-search_paths_first conftest.c  >&5
ld: warning: building for macOS 10.2.0 is deprecated
ld: warning: Csu support file -lcrt1.o not found, changing to target macOS 10.8 where it is not needed
configure:13251: $? = 0
configure:13254: test -s conftest
configure:13257: $? = 0
configure:13267: result: yes
configure:13211: checking for btowc
configure:13248: /nest/build/Developer/Toolchains/Default.xctoolchain/usr/bin/clang -o conftest --sysroot=/Developer/Platforms/ravynOS.platform/Developer/SDKs/ravynOS.sdk -Qunused-arguments -Wno-error=implicit-function-declaration -no-cpp-precomp -D_DARWIN_C_SOURCE  -Wl,-search_paths_first conftest.c  >&5
ld: warning: building for macOS 10.2.0 is deprecated
ld: warning: Csu support file -lcrt1.o not found, changing to target macOS 10.8 where it is not needed
configure:13251: $? = 0
configure:13254: test -s conftest
configure:13257: $? = 0
configure:13267: result: yes
configure:13211: checking for wctob
configure:13248: /nest/build/Developer/Toolchains/Default.xctoolchain/usr/bin/clang -o conftest --sysroot=/Developer/Platforms/ravynOS.platform/Developer/SDKs/ravynOS.sdk -Qunused-arguments -Wno-error=implicit-function-declaration -no-cpp-precomp -D_DARWIN_C_SOURCE  -Wl,-search_paths_first conftest.c  >&5
ld: warning: building for macOS 10.2.0 is deprecated
ld: warning: Csu support file -lcrt1.o not found, changing to target macOS 10.8 where it is not needed
configure:13251: $? = 0
configure:13254: test -s conftest
configure:13257: $? = 0
configure:13267: result: yes
configure:13211: checking for wmemchr
configure:13248: /nest/build/Developer/Toolchains/Default.xctoolchain/usr/bin/clang -o conftest --sysroot=/Developer/Platforms/ravynOS.platform/Developer/SDKs/ravynOS.sdk -Qunused-arguments -Wno-error=implicit-function-declaration -no-cpp-precomp -D_DARWIN_C_SOURCE  -Wl,-search_paths_first conftest.c  >&5
configure:13228:6: warning: incompatible redeclaration of library function 'wmemchr' [-Wincompatible-library-redeclaration]
 13228 | char wmemchr (void);
       |      ^
configure:13228:6: note: 'wmemchr' is a builtin with type 'int *(const int *, int, unsigned long)'
1 warning generated.
ld: warning: building for macOS 10.2.0 is deprecated
ld: warning: Csu support file -lcrt1.o not found, changing to target macOS 10.8 where it is not needed
configure:13251: $? = 0
configure:13254: test -s conftest
configure:13257: $? = 0
configure:13267: result: yes
configure:13211: checking for mbtowc
configure:13248: /nest/build/Developer/Toolchains/Default.xctoolchain/usr/bin/clang -o conftest --sysroot=/Developer/Platforms/ravynOS.platform/Developer/SDKs/ravynOS.sdk -Qunused-arguments -Wno-error=implicit-function-declaration -no-cpp-precomp -D_DARWIN_C_SOURCE  -Wl,-search_paths_first conftest.c  >&5
ld: warning: building for macOS 10.2.0 is deprecated
ld: warning: Csu support file -lcrt1.o not found, changing to target macOS 10.8 where it is not needed
configure:13251: $? = 0
configure:13254: test -s conftest
configure:13257: $? = 0
configure:13267: result: yes
configure:13211: checking for wctomb
configure:13248: /nest/build/Developer/Toolchains/Default.xctoolchain/usr/bin/clang -o conftest --sysroot=/Developer/Platforms/ravynOS.platform/Developer/SDKs/ravynOS.sdk -Qunused-arguments -Wno-error=implicit-function-declaration -no-cpp-precomp -D_DARWIN_C_SOURCE  -Wl,-search_paths_first conftest.c  >&5
ld: warning: building for macOS 10.2.0 is deprecated
ld: warning: Csu support file -lcrt1.o not found, changing to target macOS 10.8 where it is not needed
configure:13251: $? = 0
configure:13254: test -s conftest
configure:13257: $? = 0
configure:13267: result: yes
configure:13211: checking for mblen
configure:13248: /nest/build/Developer/Toolchains/Default.xctoolchain/usr/bin/clang -o conftest --sysroot=/Developer/Platforms/ravynOS.platform/Developer/SDKs/ravynOS.sdk -Qunused-arguments -Wno-error=implicit-function-declaration -no-cpp-precomp -D_DARWIN_C_SOURCE  -Wl,-search_paths_first conftest.c  >&5
ld: warning: building for macOS 10.2.0 is deprecated
ld: warning: Csu support file -lcrt1.o not found, changing to target macOS 10.8 where it is not needed
configure:13251: $? = 0
configure:13254: test -s conftest
configure:13257: $? = 0
configure:13267: result: yes
configure:13211: checking for mbrlen
configure:13248: /nest/build/Developer/Toolchains/Default.xctoolchain/usr/bin/clang -o conftest --sysroot=/Developer/Platforms/ravynOS.platform/Developer/SDKs/ravynOS.sdk -Qunused-arguments -Wno-error=implicit-function-declaration -no-cpp-precomp -D_DARWIN_C_SOURCE  -Wl,-search_paths_first conftest.c  >&5
ld: warning: building for macOS 10.2.0 is deprecated
ld: warning: Csu support file -lcrt1.o not found, changing to target macOS 10.8 where it is not needed
configure:13251: $? = 0
configure:13254: test -s conftest
configure:13257: $? = 0
configure:13267: result: yes
configure:13211: checking for mbrtowc
configure:13248: /nest/build/Developer/Toolchains/Default.xctoolchain/usr/bin/clang -o conftest --sysroot=/Developer/Platforms/ravynOS.platform/Developer/SDKs/ravynOS.sdk -Qunused-arguments -Wno-error=implicit-function-declaration -no-cpp-precomp -D_DARWIN_C_SOURCE  -Wl,-search_paths_first conftest.c  >&5
ld: warning: building for macOS 10.2.0 is deprecated
ld: warning: Csu support file -lcrt1.o not found, changing to target macOS 10.8 where it is not needed
configure:13251: $? = 0
configure:13254: test -s conftest
configure:13257: $? = 0
configure:13267: result: yes
configure:13211: checking for wcsrtombs
configure:13248: /nest/build/Developer/Toolchains/Default.xctoolchain/usr/bin/clang -o conftest --sysroot=/Developer/Platforms/ravynOS.platform/Developer/SDKs/ravynOS.sdk -Qunused-arguments -Wno-error=implicit-function-declaration -no-cpp-precomp -D_DARWIN_C_SOURCE  -Wl,-search_paths_first conftest.c  >&5
ld: warning: building for macOS 10.2.0 is deprecated
ld: warning: Csu support file -lcrt1.o not found, changing to target macOS 10.8 where it is not needed
configure:13251: $? = 0
configure:13254: test -s conftest
configure:13257: $? = 0
configure:13267: result: yes
configure:13211: checking for mbsrtowcs
configure:13248: /nest/build/Developer/Toolchains/Default.xctoolchain/usr/bin/clang -o conftest --sysroot=/Developer/Platforms/ravynOS.platform/Developer/SDKs/ravynOS.sdk -Qunused-arguments -Wno-error=implicit-function-declaration -no-cpp-precomp -D_DARWIN_C_SOURCE  -Wl,-search_paths_first conftest.c  >&5
ld: warning: building for macOS 10.2.0 is deprecated
ld: warning: Csu support file -lcrt1.o not found, changing to target macOS 10.8 where it is not needed
configure:13251: $? = 0
configure:13254: test -s conftest
configure:13257: $? = 0
configure:13267: result: yes
configure:13211: checking for wcstombs
configure:13248: /nest/build/Developer/Toolchains/Default.xctoolchain/usr/bin/clang -o conftest --sysroot=/Developer/Platforms/ravynOS.platform/Developer/SDKs/ravynOS.sdk -Qunused-arguments -Wno-error=implicit-function-declaration -no-cpp-precomp -D_DARWIN_C_SOURCE  -Wl,-search_paths_first conftest.c  >&5
ld: warning: building for macOS 10.2.0 is deprecated
ld: warning: Csu support file -lcrt1.o not found, changing to target macOS 10.8 where it is not needed
configure:13251: $? = 0
configure:13254: test -s conftest
configure:13257: $? = 0
configure:13267: result: yes
configure:13211: checking for mbstowcs
configure:13248: /nest/build/Developer/Toolchains/Default.xctoolchain/usr/bin/clang -o conftest --sysroot=/Developer/Platforms/ravynOS.platform/Developer/SDKs/ravynOS.sdk -Qunused-arguments -Wno-error=implicit-function-declaration -no-cpp-precomp -D_DARWIN_C_SOURCE  -Wl,-search_paths_first conftest.c  >&5
ld: warning: building for macOS 10.2.0 is deprecated
ld: warning: Csu support file -lcrt1.o not found, changing to target macOS 10.8 where it is not needed
configure:13251: $? = 0
configure:13254: test -s conftest
configure:13257: $? = 0
configure:13267: result: yes
configure:13211: checking for wcwidth
configure:13248: /nest/build/Developer/Toolchains/Default.xctoolchain/usr/bin/clang -o conftest --sysroot=/Developer/Platforms/ravynOS.platform/Developer/SDKs/ravynOS.sdk -Qunused-arguments -Wno-error=implicit-function-declaration -no-cpp-precomp -D_DARWIN_C_SOURCE  -Wl,-search_paths_first conftest.c  >&5
ld: warning: building for macOS 10.2.0 is deprecated
ld: warning: Csu support file -lcrt1.o not found, changing to target macOS 10.8 where it is not needed
configure:13251: $? = 0
configure:13254: test -s conftest
configure:13257: $? = 0
configure:13267: result: yes
configure:13893: checking if we must include wchar.h to declare mbstate_t
configure:13918: /nest/build/Developer/Toolchains/Default.xctoolchain/usr/bin/clang -c --sysroot=/Developer/Platforms/ravynOS.platform/Developer/SDKs/ravynOS.sdk -Qunused-arguments -Wno-error=implicit-function-declaration -no-cpp-precomp -D_DARWIN_C_SOURCE conftest.c >&5
configure:13911:1: error: unknown type name 'mbstate_t'; did you mean '__mbstate_t'?
 13911 | mbstate_t state; (void)state
       | ^~~~~~~~~
       | __mbstate_t
/Developer/Platforms/ravynOS.platform/Developer/SDKs/ravynOS.sdk/usr/include/i386/_types.h:79:3: note: '__mbstate_t' declared here
   79 | } __mbstate_t;
      |   ^
1 error generated.
configure:13921: $? = 1
configure: failed program was:
#line 13900 "configure"
#include "confdefs.h"

#include <stdlib.h>
#include <stdarg.h>
#include <stdio.h>
#ifdef HAVE_LIBUTF8_H
#include <libutf8.h>
#endif
int
main (void)
{
mbstate_t state; (void)state
  ;
  return 0;
}
configure:13953: /nest/build/Developer/Toolchains/Default.xctoolchain/usr/bin/clang -c --sysroot=/Developer/Platforms/ravynOS.platform/Developer/SDKs/ravynOS.sdk -Qunused-arguments -Wno-error=implicit-function-declaration -no-cpp-precomp -D_DARWIN_C_SOURCE conftest.c >&5
configure:13956: $? = 0
configure:13959: test -s conftest.o
configure:13962: $? = 0
configure:13974: result: yes
configure:13992: checking if we must include wchar.h to declare wchar_t
configure:14017: /nest/build/Developer/Toolchains/Default.xctoolchain/usr/bin/clang -c --sysroot=/Developer/Platforms/ravynOS.platform/Developer/SDKs/ravynOS.sdk -Qunused-arguments -Wno-error=implicit-function-declaration -no-cpp-precomp -D_DARWIN_C_SOURCE conftest.c >&5
configure:14020: $? = 0
configure:14023: test -s conftest.o
configure:14026: $? = 0
configure:14073: result: no
configure:14096: checking if we must include wchar.h to declare wint_t
configure:14121: /nest/build/Developer/Toolchains/Default.xctoolchain/usr/bin/clang -c --sysroot=/Developer/Platforms/ravynOS.platform/Developer/SDKs/ravynOS.sdk -Qunused-arguments -Wno-error=implicit-function-declaration -no-cpp-precomp -D_DARWIN_C_SOURCE conftest.c >&5
configure:14114:7: error: expected ';' after expression
 14114 | wint_t state; (void)state
       |       ^
       |       ;
configure:14114:1: error: use of undeclared identifier 'wint_t'
 14114 | wint_t state; (void)state
       | ^
configure:14114:8: error: use of undeclared identifier 'state'
 14114 | wint_t state; (void)state
       |        ^
configure:14114:21: error: use of undeclared identifier 'state'; did you mean 'static'?
 14114 | wint_t state; (void)state
       |                     ^~~~~
       |                     static
configure:14114:21: error: expected expression
5 errors generated.
configure:14124: $? = 1
configure: failed program was:
#line 14103 "configure"
#include "confdefs.h"

#include <stdlib.h>
#include <stdarg.h>
#include <stdio.h>
#ifdef HAVE_LIBUTF8_H
#include <libutf8.h>
#endif
int
main (void)
{
wint_t state; (void)state
  ;
  return 0;
}
configure:14156: /nest/build/Developer/Toolchains/Default.xctoolchain/usr/bin/clang -c --sysroot=/Developer/Platforms/ravynOS.platform/Developer/SDKs/ravynOS.sdk -Qunused-arguments -Wno-error=implicit-function-declaration -no-cpp-precomp -D_DARWIN_C_SOURCE conftest.c >&5
configure:14159: $? = 0
configure:14162: test -s conftest.o
configure:14165: $? = 0
configure:14177: result: yes
configure:14209: checking whether to enable _LP64 definition in curses.h
configure:14219: result: yes
configure:14235: checking for special C compiler options needed for large files
configure:14309: result: no
configure:14315: checking for _FILE_OFFSET_BITS value needed for large files
configure:14343: /nest/build/Developer/Toolchains/Default.xctoolchain/usr/bin/clang -c --sysroot=/Developer/Platforms/ravynOS.platform/Developer/SDKs/ravynOS.sdk -Qunused-arguments -Wno-error=implicit-function-declaration -no-cpp-precomp -D_DARWIN_C_SOURCE conftest.c >&5
configure:14346: $? = 0
configure:14349: test -s conftest.o
configure:14352: $? = 0
configure:14402: result: no
configure:14412: checking for _LARGE_FILES value needed for large files
configure:14440: /nest/build/Developer/Toolchains/Default.xctoolchain/usr/bin/clang -c --sysroot=/Developer/Platforms/ravynOS.platform/Developer/SDKs/ravynOS.sdk -Qunused-arguments -Wno-error=implicit-function-declaration -no-cpp-precomp -D_DARWIN_C_SOURCE conftest.c >&5
configure:14443: $? = 0
configure:14446: test -s conftest.o
configure:14449: $? = 0
configure:14499: result: no
configure:14512: checking for _LARGEFILE_SOURCE value needed for large files
configure:14535: /nest/build/Developer/Toolchains/Default.xctoolchain/usr/bin/clang -c --sysroot=/Developer/Platforms/ravynOS.platform/Developer/SDKs/ravynOS.sdk -Qunused-arguments -Wno-error=implicit-function-declaration -no-cpp-precomp -D_DARWIN_C_SOURCE conftest.c >&5
configure:14538: $? = 0
configure:14541: test -s conftest.o
configure:14544: $? = 0
configure:14589: result: no
configure:14603: checking for fseeko
configure:14623: /nest/build/Developer/Toolchains/Default.xctoolchain/usr/bin/clang -o conftest --sysroot=/Developer/Platforms/ravynOS.platform/Developer/SDKs/ravynOS.sdk -Qunused-arguments -Wno-error=implicit-function-declaration -no-cpp-precomp -D_DARWIN_C_SOURCE  -Wl,-search_paths_first conftest.c  >&5
ld: warning: building for macOS 10.2.0 is deprecated
ld: warning: Csu support file -lcrt1.o not found, changing to target macOS 10.8 where it is not needed
configure:14626: $? = 0
configure:14629: test -s conftest
configure:14632: $? = 0
configure:14642: result: yes
configure:14681: checking whether to use struct dirent64
configure:14715: /nest/build/Developer/Toolchains/Default.xctoolchain/usr/bin/clang -c --sysroot=/Developer/Platforms/ravynOS.platform/Developer/SDKs/ravynOS.sdk -Qunused-arguments -Wno-error=implicit-function-declaration -no-cpp-precomp -D_DARWIN_C_SOURCE conftest.c >&5
configure:14696:26: error: conflicting types for 'readdir'
 14696 | extern struct dirent64 * readdir(DIR *);
       |                          ^
/Developer/Platforms/ravynOS.platform/Developer/SDKs/ravynOS.sdk/usr/include/dirent.h:109:16: note: previous declaration is here
  109 | struct dirent *readdir(DIR *) __DARWIN_INODE64(readdir);
      |                ^
configure:14704:20: error: incompatible pointer types initializing 'struct dirent64 *' with an expression of type 'struct dirent *' [-Werror,-Wincompatible-pointer-types]
 14704 |                 struct dirent64 *x = readdir(dp);
       |                                  ^   ~~~~~~~~~~~
configure:14706:13: error: 'struct dirent64 *' and 'struct dirent *' are not pointers to compatible types
 14706 |                 int z = x - y;
       |                         ~ ^ ~
3 errors generated.
configure:14718: $? = 1
configure: failed program was:
#line 14688 "configure"
#include "confdefs.h"

#pragma GCC diagnostic error "-Wincompatible-pointer-types"
#include <sys/types.h>
#include <dirent.h>

#ifndef __REDIRECT
/* if transitional largefile support is setup, this is true */
extern struct dirent64 * readdir(DIR *);
#endif

int
main (void)
{

		DIR *dp = opendir(".");
		struct dirent64 *x = readdir(dp);
		struct dirent *y = readdir(dp);
		int z = x - y;
		(void)z;

  ;
  return 0;
}
configure:14735: result: no
configure:14745: checking if you want tparm not to use X/Open fixed-parameter list
configure:14755: result: yes
configure:14779: checking if you want to enable wattr* macros
configure:14791: result: no
configure:14799: checking for X11 rgb file
configure:14869: result: ${exec_prefix}/lib/X11/rgb.txt
configure:14884: checking for type of bool
configure:14894: result: auto
configure:14904: checking for alternate terminal capabilities file
configure:14920: result: Caps
configure:14925: checking for type of chtype
configure:14935: result: uint32_t
configure:14947: checking for type of ospeed
configure:14957: result: short
configure:14969: checking for type of mmask-t
configure:14979: result: uint32_t
configure:14998: checking for size CCHARW_MAX
configure:15008: result: 5
configure:15011: checking for signed char
configure:15032: /nest/build/Developer/Toolchains/Default.xctoolchain/usr/bin/clang -c --sysroot=/Developer/Platforms/ravynOS.platform/Developer/SDKs/ravynOS.sdk -Qunused-arguments -Wno-error=implicit-function-declaration -no-cpp-precomp -D_DARWIN_C_SOURCE conftest.c >&5
configure:15035: $? = 0
configure:15038: test -s conftest.o
configure:15041: $? = 0
configure:15051: result: yes
configure:15054: checking size of signed char
configure:15075: /nest/build/Developer/Toolchains/Default.xctoolchain/usr/bin/clang -c --sysroot=/Developer/Platforms/ravynOS.platform/Developer/SDKs/ravynOS.sdk -Qunused-arguments -Wno-error=implicit-function-declaration -no-cpp-precomp -D_DARWIN_C_SOURCE conftest.c >&5
configure:15078: $? = 0
configure:15081: test -s conftest.o
configure:15084: $? = 0
configure:15101: /nest/build/Developer/Toolchains/Default.xctoolchain/usr/bin/clang -c --sysroot=/Developer/Platforms/ravynOS.platform/Developer/SDKs/ravynOS.sdk -Qunused-arguments -Wno-error=implicit-function-declaration -no-cpp-precomp -D_DARWIN_C_SOURCE conftest.c >&5
configure:15127:14: error: '_array_' declared as an array with a negative size
 15127 | int _array_ [1 - 2 * !((sizeof (signed char)) <= 0)]
       |              ^~~~~~~~~~~~~~~~~~~~~~~~~~~~~~~~~~~~~~
1 error generated.
configure:15104: $? = 1
configure: failed program was:
#line 15089 "configure"
#include "confdefs.h"
#include <stdio.h>
#if HAVE_SYS_TYPES_H
# include <sys/types.h>
#endif
#if HAVE_SYS_STAT_H
# include <sys/stat.h>
#endif
#if STDC_HEADERS
# include <stdlib.h>
# include <stddef.h>
#else
# if HAVE_STDLIB_H
#  include <stdlib.h>
# endif
#endif
#if HAVE_STRING_H
# if !STDC_HEADERS && HAVE_MEMORY_H
#  include <memory.h>
# endif
# include <string.h>
#endif
#if HAVE_STRINGS_H
# include <strings.h>
#endif
#if HAVE_INTTYPES_H
# include <inttypes.h>
#else
# if HAVE_STDINT_H
#  include <stdint.h>
# endif
#endif
#if HAVE_UNISTD_H
# include <unistd.h>
#endif
int
main (void)
{
int _array_ [1 - 2 * !((sizeof (signed char)) <= 0)]
  ;
  return 0;
}
configure:15101: /nest/build/Developer/Toolchains/Default.xctoolchain/usr/bin/clang -c --sysroot=/Developer/Platforms/ravynOS.platform/Developer/SDKs/ravynOS.sdk -Qunused-arguments -Wno-error=implicit-function-declaration -no-cpp-precomp -D_DARWIN_C_SOURCE conftest.c >&5
configure:15104: $? = 0
configure:15107: test -s conftest.o
configure:15110: $? = 0
configure:15242: result: 1
configure:15253: checking whether to use signed chars for Boolean array in term.h
configure:15263: result: no
configure:15269: checking for type of tparm-arg
configure:15279: result: intptr_t
configure:15290: checking if RCS identifiers should be compiled-in
configure:15300: result: no
configure:15310: checking if you want to build with function extensions
configure:15320: result: yes
configure:15377: checking if you want to build with SCREEN extensions
configure:15387: result: yes
configure:15415: checking if you want to build with terminal-driver
configure:15425: result: no
configure:15446: checking for extended use of const keyword
configure:15456: result: yes
configure:15466: checking if you want to use extended colors
configure:15476: result: yes
configure:15517: checking if you want to extend support for direct color
configure:15527: result: no
configure:15540: checking if you want to use extended mouse encoding
configure:15550: result: yes
configure:15577: checking if you want to use extended putwin/screendump
configure:15587: result: yes
configure:15597: checking if you want $NCURSES_NO_PADDING code
configure:15607: result: yes
configure:15615: checking if you want SIGWINCH handler
configure:15625: result: yes
configure:15640: checking if you want user-definable terminal capabilities like termcap
configure:15650: result: yes
configure:15765: checking if you want to link with the pthread library
configure:15775: result: no
configure:16117: checking if you want reentrant code
configure:16127: result: no
configure:16228: checking whether curses library structures should be opaque
configure:16250: result: yes
configure:16259: checking whether form library structures should be opaque
configure:16276: result: yes
configure:16279: checking whether menu library structures should be opaque
configure:16296: result: yes
configure:16299: checking whether panel library structures should be opaque
configure:16316: result: yes
configure:16349: checking if you want all development code
configure:16359: result: no
configure:16363: checking if you want to check screensize of serial terminals
configure:16373: result: no
configure:16381: checking if you want hard-tabs code
configure:16391: result: no
configure:16399: checking if you want limited support for xmc
configure:16409: result: no
configure:16419: checking if you do not want to assume colors are white-on-black
configure:16429: result: yes
configure:16437: checking if you want hashmap scrolling-optimization code
configure:16447: result: yes
configure:16455: checking if you want colorfgbg code
configure:16465: result: no
configure:16473: checking if you want to use gcc -fvisibility option
configure:16483: result: no
configure:16820: checking if you want interop bindings
configure:16830: result: yes
configure:16836: checking if you want experimental safe-sprintf code
configure:16846: result: no
configure:16876: checking if you want wgetch-events code
configure:16886: result: no
configure:16916: checking if you want to see long compiling messages
configure:16950: result: yes
configure:16963: checking if you want to install stripped executables
configure:16980: result: yes
configure:16991: checking if install accepts -p option
configure:17022: result: yes
configure:17025: checking if install needs to be told about ownership
configure:17036: result: no
configure:17047: checking if you want to specify strip-program
configure:17057: result: no
configure:17127: checking if you want to use C11 _Noreturn feature
configure:17144: result: no
configure:17358: checking if you want to turn on gcc warnings
configure:17375: result: no
configure:17632: checking for /nest/build/Developer/Toolchains/Default.xctoolchain/usr/bin/clang __attribute__ directives
checking for /nest/build/Developer/Toolchains/Default.xctoolchain/usr/bin/clang __attribute__((scanf))
configure:17687: /nest/build/Developer/Toolchains/Default.xctoolchain/usr/bin/clang -c --sysroot=/Developer/Platforms/ravynOS.platform/Developer/SDKs/ravynOS.sdk -Qunused-arguments -Wno-error=implicit-function-declaration -no-cpp-precomp -D_DARWIN_C_SOURCE conftest.c >&5
configure:17690: $? = 0
checking for /nest/build/Developer/Toolchains/Default.xctoolchain/usr/bin/clang __attribute__((printf))
configure:17687: /nest/build/Developer/Toolchains/Default.xctoolchain/usr/bin/clang -c --sysroot=/Developer/Platforms/ravynOS.platform/Developer/SDKs/ravynOS.sdk -Qunused-arguments -Wno-error=implicit-function-declaration -no-cpp-precomp -D_DARWIN_C_SOURCE conftest.c >&5
configure:17690: $? = 0
checking for /nest/build/Developer/Toolchains/Default.xctoolchain/usr/bin/clang __attribute__((unused))
configure:17687: /nest/build/Developer/Toolchains/Default.xctoolchain/usr/bin/clang -c --sysroot=/Developer/Platforms/ravynOS.platform/Developer/SDKs/ravynOS.sdk -Qunused-arguments -Wno-error=implicit-function-declaration -no-cpp-precomp -D_DARWIN_C_SOURCE conftest.c >&5
configure:17690: $? = 0
checking for /nest/build/Developer/Toolchains/Default.xctoolchain/usr/bin/clang __attribute__((noreturn))
configure:17687: /nest/build/Developer/Toolchains/Default.xctoolchain/usr/bin/clang -c --sysroot=/Developer/Platforms/ravynOS.platform/Developer/SDKs/ravynOS.sdk -Qunused-arguments -Wno-error=implicit-function-declaration -no-cpp-precomp -D_DARWIN_C_SOURCE conftest.c >&5
configure:17690: $? = 0
configure:18054: checking if you want to work around bogus compiler/loader warnings
configure:18064: result: no
configure:18336: checking if you want to enable runtime assertions
configure:18346: result: no
configure:18362: checking if you want to use dmalloc for testing
configure:18384: result: no
configure:18599: checking if you want to use dbmalloc for testing
configure:18621: result: no
configure:18836: checking if you want to use valgrind for testing
configure:18858: result: no
configure:18971: checking if you want to perform memory-leak testing
configure:18982: result: no
configure:19034: checking whether to add trace feature to all models
configure:19044: result: no
configure:19064: checking if we want to use GNAT projects
configure:19081: result: yes
configure:19206: checking if -lm needed for math functions
configure:19229: /nest/build/Developer/Toolchains/Default.xctoolchain/usr/bin/clang -o conftest --sysroot=/Developer/Platforms/ravynOS.platform/Developer/SDKs/ravynOS.sdk -Qunused-arguments -Wno-error=implicit-function-declaration -no-cpp-precomp -D_DARWIN_C_SOURCE -DNDEBUG  -Wl,-search_paths_first conftest.c  >&5
ld: warning: building for macOS 10.2.0 is deprecated
ld: warning: Csu support file -lcrt1.o not found, changing to target macOS 10.8 where it is not needed
configure:19232: $? = 0
configure:19235: test -s conftest
configure:19238: $? = 0
configure:19248: result: no
configure:19320: checking whether time.h and sys/time.h may both be included
configure:19342: /nest/build/Developer/Toolchains/Default.xctoolchain/usr/bin/clang -c --sysroot=/Developer/Platforms/ravynOS.platform/Developer/SDKs/ravynOS.sdk -Qunused-arguments -Wno-error=implicit-function-declaration -no-cpp-precomp -D_DARWIN_C_SOURCE -DNDEBUG conftest.c >&5
configure:19345: $? = 0
configure:19348: test -s conftest.o
configure:19351: $? = 0
configure:19361: result: yes
configure:19729: checking for regcomp
configure:19766: /nest/build/Developer/Toolchains/Default.xctoolchain/usr/bin/clang -o conftest --sysroot=/Developer/Platforms/ravynOS.platform/Developer/SDKs/ravynOS.sdk -Qunused-arguments -Wno-error=implicit-function-declaration -no-cpp-precomp -D_DARWIN_C_SOURCE -DNDEBUG  -Wl,-search_paths_first conftest.c  >&5
ld: warning: building for macOS 10.2.0 is deprecated
ld: warning: Csu support file -lcrt1.o not found, changing to target macOS 10.8 where it is not needed
configure:19769: $? = 0
configure:19772: test -s conftest
configure:19775: $? = 0
configure:19785: result: yes
configure:20014: checking for regular-expression headers
configure:20090: /nest/build/Developer/Toolchains/Default.xctoolchain/usr/bin/clang -o conftest --sysroot=/Developer/Platforms/ravynOS.platform/Developer/SDKs/ravynOS.sdk -Qunused-arguments -Wno-error=implicit-function-declaration -no-cpp-precomp -D_DARWIN_C_SOURCE -DNDEBUG  -Wl,-search_paths_first conftest.c  >&5
ld: warning: building for macOS 10.2.0 is deprecated
ld: warning: Csu support file -lcrt1.o not found, changing to target macOS 10.8 where it is not needed
configure:20093: $? = 0
configure:20096: test -s conftest
configure:20099: $? = 0
configure:20115: result: regex.h
configure:20160: checking for alloca.h
configure:20170: /nest/build/Developer/Toolchains/Default.xctoolchain/usr/bin/clang -E -D_DARWIN_C_SOURCE -DNDEBUG conftest.c
configure:20176: $? = 0
configure:20195: result: yes
configure:20160: checking for fcntl.h
configure:20170: /nest/build/Developer/Toolchains/Default.xctoolchain/usr/bin/clang -E -D_DARWIN_C_SOURCE -DNDEBUG conftest.c
configure:20176: $? = 0
configure:20195: result: yes
configure:20160: checking for getopt.h
configure:20170: /nest/build/Developer/Toolchains/Default.xctoolchain/usr/bin/clang -E -D_DARWIN_C_SOURCE -DNDEBUG conftest.c
configure:20176: $? = 0
configure:20195: result: yes
configure:20160: checking for limits.h
configure:20170: /nest/build/Developer/Toolchains/Default.xctoolchain/usr/bin/clang -E -D_DARWIN_C_SOURCE -DNDEBUG conftest.c
configure:20176: $? = 0
configure:20195: result: yes
configure:20160: checking for locale.h
configure:20170: /nest/build/Developer/Toolchains/Default.xctoolchain/usr/bin/clang -E -D_DARWIN_C_SOURCE -DNDEBUG conftest.c
configure:20176: $? = 0
configure:20195: result: yes
configure:20160: checking for malloc.h
configure:20170: /nest/build/Developer/Toolchains/Default.xctoolchain/usr/bin/clang -E -D_DARWIN_C_SOURCE -DNDEBUG conftest.c
configure:20176: $? = 0
configure:20195: result: yes
configure:20160: checking for math.h
configure:20170: /nest/build/Developer/Toolchains/Default.xctoolchain/usr/bin/clang -E -D_DARWIN_C_SOURCE -DNDEBUG conftest.c
configure:20176: $? = 0
configure:20195: result: yes
configure:20160: checking for poll.h
configure:20170: /nest/build/Developer/Toolchains/Default.xctoolchain/usr/bin/clang -E -D_DARWIN_C_SOURCE -DNDEBUG conftest.c
configure:20176: $? = 0
configure:20195: result: yes
configure:20160: checking for sys/auxv.h
configure:20170: /nest/build/Developer/Toolchains/Default.xctoolchain/usr/bin/clang -E -D_DARWIN_C_SOURCE -DNDEBUG conftest.c
configure:20176: $? = 0
configure:20195: result: yes
configure:20160: checking for sys/fsuid.h
configure:20170: /nest/build/Developer/Toolchains/Default.xctoolchain/usr/bin/clang -E -D_DARWIN_C_SOURCE -DNDEBUG conftest.c
configure:20176: $? = 0
configure:20195: result: yes
configure:20160: checking for sys/ioctl.h
configure:20170: /nest/build/Developer/Toolchains/Default.xctoolchain/usr/bin/clang -E -D_DARWIN_C_SOURCE -DNDEBUG conftest.c
configure:20176: $? = 0
configure:20195: result: yes
configure:20160: checking for sys/param.h
configure:20170: /nest/build/Developer/Toolchains/Default.xctoolchain/usr/bin/clang -E -D_DARWIN_C_SOURCE -DNDEBUG conftest.c
configure:20176: $? = 0
configure:20195: result: yes
configure:20160: checking for sys/poll.h
configure:20170: /nest/build/Developer/Toolchains/Default.xctoolchain/usr/bin/clang -E -D_DARWIN_C_SOURCE -DNDEBUG conftest.c
configure:20176: $? = 0
configure:20195: result: yes
configure:20160: checking for sys/select.h
configure:20170: /nest/build/Developer/Toolchains/Default.xctoolchain/usr/bin/clang -E -D_DARWIN_C_SOURCE -DNDEBUG conftest.c
configure:20176: $? = 0
configure:20195: result: yes
configure:20160: checking for sys/time.h
configure:20170: /nest/build/Developer/Toolchains/Default.xctoolchain/usr/bin/clang -E -D_DARWIN_C_SOURCE -DNDEBUG conftest.c
configure:20176: $? = 0
configure:20195: result: yes
configure:20160: checking for sys/times.h
configure:20170: /nest/build/Developer/Toolchains/Default.xctoolchain/usr/bin/clang -E -D_DARWIN_C_SOURCE -DNDEBUG conftest.c
configure:20176: $? = 0
configure:20195: result: yes
configure:20160: checking for unistd.h
configure:20195: result: yes
configure:20160: checking for wctype.h
configure:20195: result: yes
configure:20208: checking for getopt.h
configure:20243: result: yes
configure:20253: checking for header declaring getopt variables
configure:20276: /nest/build/Developer/Toolchains/Default.xctoolchain/usr/bin/clang -c --sysroot=/Developer/Platforms/ravynOS.platform/Developer/SDKs/ravynOS.sdk -Qunused-arguments -Wno-error=implicit-function-declaration -no-cpp-precomp -D_DARWIN_C_SOURCE -DNDEBUG conftest.c >&5
configure:20269:9: error: use of undeclared identifier 'optind'
 20269 | int x = optind; char *y = optarg; (void)x; (void)y
       |         ^
configure:20269:27: error: use of undeclared identifier 'optarg'
 20269 | int x = optind; char *y = optarg; (void)x; (void)y
       |                           ^
2 errors generated.
configure:20279: $? = 1
configure: failed program was:
#line 20263 "configure"
#include "confdefs.h"

#include <stdio.h>
int
main (void)
{
int x = optind; char *y = optarg; (void)x; (void)y
  ;
  return 0;
}
configure:20276: /nest/build/Developer/Toolchains/Default.xctoolchain/usr/bin/clang -c --sysroot=/Developer/Platforms/ravynOS.platform/Developer/SDKs/ravynOS.sdk -Qunused-arguments -Wno-error=implicit-function-declaration -no-cpp-precomp -D_DARWIN_C_SOURCE -DNDEBUG conftest.c >&5
configure:20269:9: error: use of undeclared identifier 'optind'
 20269 | int x = optind; char *y = optarg; (void)x; (void)y
       |         ^
configure:20269:27: error: use of undeclared identifier 'optarg'
 20269 | int x = optind; char *y = optarg; (void)x; (void)y
       |                           ^
2 errors generated.
configure:20279: $? = 1
configure: failed program was:
#line 20263 "configure"
#include "confdefs.h"

#include <stdlib.h>
int
main (void)
{
int x = optind; char *y = optarg; (void)x; (void)y
  ;
  return 0;
}
configure:20276: /nest/build/Developer/Toolchains/Default.xctoolchain/usr/bin/clang -c --sysroot=/Developer/Platforms/ravynOS.platform/Developer/SDKs/ravynOS.sdk -Qunused-arguments -Wno-error=implicit-function-declaration -no-cpp-precomp -D_DARWIN_C_SOURCE -DNDEBUG conftest.c >&5
configure:20279: $? = 0
configure:20282: test -s conftest.o
configure:20285: $? = 0
configure:20297: result: unistd.h
configure:20314: checking if external environ is declared
configure:20334: /nest/build/Developer/Toolchains/Default.xctoolchain/usr/bin/clang -c --sysroot=/Developer/Platforms/ravynOS.platform/Developer/SDKs/ravynOS.sdk -Qunused-arguments -Wno-error=implicit-function-declaration -no-cpp-precomp -D_DARWIN_C_SOURCE -DNDEBUG conftest.c >&5
configure:20360:19: error: use of undeclared identifier 'environ'; did you mean 'union'?
 20360 | void* x = (void*) environ; (void)x
       |                   ^~~~~~~
       |                   union
configure:20360:19: error: expected expression
2 errors generated.
configure:20337: $? = 1
configure: failed program was:
#line 20321 "configure"
#include "confdefs.h"

#include <stdio.h>
#if HAVE_SYS_TYPES_H
# include <sys/types.h>
#endif
#if HAVE_SYS_STAT_H
# include <sys/stat.h>
#endif
#if STDC_HEADERS
# include <stdlib.h>
# include <stddef.h>
#else
# if HAVE_STDLIB_H
#  include <stdlib.h>
# endif
#endif
#if HAVE_STRING_H
# if !STDC_HEADERS && HAVE_MEMORY_H
#  include <memory.h>
# endif
# include <string.h>
#endif
#if HAVE_STRINGS_H
# include <strings.h>
#endif
#if HAVE_INTTYPES_H
# include <inttypes.h>
#else
# if HAVE_STDINT_H
#  include <stdint.h>
# endif
#endif
#if HAVE_UNISTD_H
# include <unistd.h>
#endif
int
main (void)
{
void* x = (void*) environ; (void)x
  ;
  return 0;
}
configure:20354: result: no
configure:20369: checking if external environ exists
configure:20391: /nest/build/Developer/Toolchains/Default.xctoolchain/usr/bin/clang -o conftest --sysroot=/Developer/Platforms/ravynOS.platform/Developer/SDKs/ravynOS.sdk -Qunused-arguments -Wno-error=implicit-function-declaration -no-cpp-precomp -D_DARWIN_C_SOURCE -DNDEBUG  -Wl,-search_paths_first conftest.c  >&5
ld: warning: building for macOS 10.2.0 is deprecated
ld: warning: Csu support file -lcrt1.o not found, changing to target macOS 10.8 where it is not needed
configure:20394: $? = 0
configure:20397: test -s conftest
configure:20400: $? = 0
configure:20411: result: yes
configure:20424: checking for getenv
configure:20461: /nest/build/Developer/Toolchains/Default.xctoolchain/usr/bin/clang -o conftest --sysroot=/Developer/Platforms/ravynOS.platform/Developer/SDKs/ravynOS.sdk -Qunused-arguments -Wno-error=implicit-function-declaration -no-cpp-precomp -D_DARWIN_C_SOURCE -DNDEBUG  -Wl,-search_paths_first conftest.c  >&5
ld: warning: building for macOS 10.2.0 is deprecated
ld: warning: Csu support file -lcrt1.o not found, changing to target macOS 10.8 where it is not needed
configure:20464: $? = 0
configure:20467: test -s conftest
configure:20470: $? = 0
configure:20480: result: yes
configure:20486: checking for putenv
configure:20523: /nest/build/Developer/Toolchains/Default.xctoolchain/usr/bin/clang -o conftest --sysroot=/Developer/Platforms/ravynOS.platform/Developer/SDKs/ravynOS.sdk -Qunused-arguments -Wno-error=implicit-function-declaration -no-cpp-precomp -D_DARWIN_C_SOURCE -DNDEBUG  -Wl,-search_paths_first conftest.c  >&5
ld: warning: building for macOS 10.2.0 is deprecated
ld: warning: Csu support file -lcrt1.o not found, changing to target macOS 10.8 where it is not needed
configure:20526: $? = 0
configure:20529: test -s conftest
configure:20532: $? = 0
configure:20542: result: yes
configure:20486: checking for setenv
configure:20523: /nest/build/Developer/Toolchains/Default.xctoolchain/usr/bin/clang -o conftest --sysroot=/Developer/Platforms/ravynOS.platform/Developer/SDKs/ravynOS.sdk -Qunused-arguments -Wno-error=implicit-function-declaration -no-cpp-precomp -D_DARWIN_C_SOURCE -DNDEBUG  -Wl,-search_paths_first conftest.c  >&5
ld: warning: building for macOS 10.2.0 is deprecated
ld: warning: Csu support file -lcrt1.o not found, changing to target macOS 10.8 where it is not needed
configure:20526: $? = 0
configure:20529: test -s conftest
configure:20532: $? = 0
configure:20542: result: yes
configure:20486: checking for strdup
configure:20523: /nest/build/Developer/Toolchains/Default.xctoolchain/usr/bin/clang -o conftest --sysroot=/Developer/Platforms/ravynOS.platform/Developer/SDKs/ravynOS.sdk -Qunused-arguments -Wno-error=implicit-function-declaration -no-cpp-precomp -D_DARWIN_C_SOURCE -DNDEBUG  -Wl,-search_paths_first conftest.c  >&5
configure:20503:6: warning: incompatible redeclaration of library function 'strdup' [-Wincompatible-library-redeclaration]
 20503 | char strdup (void);
       |      ^
configure:20503:6: note: 'strdup' is a builtin with type 'char *(const char *)'
1 warning generated.
ld: warning: building for macOS 10.2.0 is deprecated
ld: warning: Csu support file -lcrt1.o not found, changing to target macOS 10.8 where it is not needed
configure:20526: $? = 0
configure:20529: test -s conftest
configure:20532: $? = 0
configure:20542: result: yes
configure:20552: checking if getenv returns consistent values
configure:20688: result: unknown
configure:20707: checking if sys/time.h works with sys/select.h
configure:20734: /nest/build/Developer/Toolchains/Default.xctoolchain/usr/bin/clang -c --sysroot=/Developer/Platforms/ravynOS.platform/Developer/SDKs/ravynOS.sdk -Qunused-arguments -Wno-error=implicit-function-declaration -no-cpp-precomp -D_DARWIN_C_SOURCE -DNDEBUG conftest.c >&5
configure:20737: $? = 0
configure:20740: test -s conftest.o
configure:20743: $? = 0
configure:20755: result: yes
configure:20770: checking for an ANSI C-conforming const
configure:20838: /nest/build/Developer/Toolchains/Default.xctoolchain/usr/bin/clang -c --sysroot=/Developer/Platforms/ravynOS.platform/Developer/SDKs/ravynOS.sdk -Qunused-arguments -Wno-error=implicit-function-declaration -no-cpp-precomp -D_DARWIN_C_SOURCE -DNDEBUG conftest.c >&5
configure:20841: $? = 0
configure:20844: test -s conftest.o
configure:20847: $? = 0
configure:20857: result: yes
configure:20867: checking for inline
configure:20884: /nest/build/Developer/Toolchains/Default.xctoolchain/usr/bin/clang -c --sysroot=/Developer/Platforms/ravynOS.platform/Developer/SDKs/ravynOS.sdk -Qunused-arguments -Wno-error=implicit-function-declaration -no-cpp-precomp -D_DARWIN_C_SOURCE -DNDEBUG conftest.c >&5
configure:20887: $? = 0
configure:20890: test -s conftest.o
configure:20893: $? = 0
configure:20904: result: inline
configure:21078: checking for signal global datatype
configure:21114: /nest/build/Developer/Toolchains/Default.xctoolchain/usr/bin/clang -c --sysroot=/Developer/Platforms/ravynOS.platform/Developer/SDKs/ravynOS.sdk -Qunused-arguments -Wno-error=implicit-function-declaration -no-cpp-precomp -D_DARWIN_C_SOURCE -DNDEBUG conftest.c >&5
configure:21117: $? = 0
configure:21120: test -s conftest.o
configure:21123: $? = 0
configure:21137: result: volatile sig_atomic_t
configure:21226: checking if unsigned literals are legal
configure:21245: /nest/build/Developer/Toolchains/Default.xctoolchain/usr/bin/clang -c --sysroot=/Developer/Platforms/ravynOS.platform/Developer/SDKs/ravynOS.sdk -Qunused-arguments -Wno-error=implicit-function-declaration -no-cpp-precomp -D_DARWIN_C_SOURCE -DNDEBUG conftest.c >&5
configure:21248: $? = 0
configure:21251: test -s conftest.o
configure:21254: $? = 0
configure:21266: result: yes
configure:21282: checking if external errno is declared
configure:21303: /nest/build/Developer/Toolchains/Default.xctoolchain/usr/bin/clang -c --sysroot=/Developer/Platforms/ravynOS.platform/Developer/SDKs/ravynOS.sdk -Qunused-arguments -Wno-error=implicit-function-declaration -no-cpp-precomp -D_DARWIN_C_SOURCE -DNDEBUG conftest.c >&5
configure:21306: $? = 0
configure:21309: test -s conftest.o
configure:21312: $? = 0
configure:21323: result: yes
configure:21338: checking if external errno exists
configure:21360: /nest/build/Developer/Toolchains/Default.xctoolchain/usr/bin/clang -o conftest --sysroot=/Developer/Platforms/ravynOS.platform/Developer/SDKs/ravynOS.sdk -Qunused-arguments -Wno-error=implicit-function-declaration -no-cpp-precomp -D_DARWIN_C_SOURCE -DNDEBUG  -Wl,-search_paths_first conftest.c  >&5
ld: warning: building for macOS 10.2.0 is deprecated
ld: warning: Csu support file -lcrt1.o not found, changing to target macOS 10.8 where it is not needed
configure:21363: $? = 0
configure:21366: test -s conftest
configure:21369: $? = 0
configure:21380: result: yes
configure:21393: checking if data-only library module links
configure:21404: /nest/build/Developer/Toolchains/Default.xctoolchain/usr/bin/clang -c --sysroot=/Developer/Platforms/ravynOS.platform/Developer/SDKs/ravynOS.sdk -Qunused-arguments -Wno-error=implicit-function-declaration -no-cpp-precomp -D_DARWIN_C_SOURCE -DNDEBUG conftest.c >&5
configure:21407: $? = 0
configure:21431: /nest/build/Developer/Toolchains/Default.xctoolchain/usr/bin/clang -c --sysroot=/Developer/Platforms/ravynOS.platform/Developer/SDKs/ravynOS.sdk -Qunused-arguments -Wno-error=implicit-function-declaration -no-cpp-precomp -D_DARWIN_C_SOURCE -DNDEBUG conftest.c >&5
configure:21434: $? = 0
configure:21481: result: unknown
configure:21496: checking for clock_gettime
configure:21533: /nest/build/Developer/Toolchains/Default.xctoolchain/usr/bin/clang -o conftest --sysroot=/Developer/Platforms/ravynOS.platform/Developer/SDKs/ravynOS.sdk -Qunused-arguments -Wno-error=implicit-function-declaration -no-cpp-precomp -D_DARWIN_C_SOURCE -DNDEBUG  -Wl,-search_paths_first conftest.c  >&5
ld: warning: building for macOS 10.2.0 is deprecated
ld: warning: Csu support file -lcrt1.o not found, changing to target macOS 10.8 where it is not needed
configure:21536: $? = 0
configure:21539: test -s conftest
configure:21542: $? = 0
configure:21552: result: yes
configure:21616: checking if clock_gettime links
configure:21641: /nest/build/Developer/Toolchains/Default.xctoolchain/usr/bin/clang -o conftest --sysroot=/Developer/Platforms/ravynOS.platform/Developer/SDKs/ravynOS.sdk -Qunused-arguments -Wno-error=implicit-function-declaration -no-cpp-precomp -D_DARWIN_C_SOURCE -DNDEBUG  -Wl,-search_paths_first conftest.c  >&5
ld: warning: building for macOS 10.2.0 is deprecated
ld: warning: Csu support file -lcrt1.o not found, changing to target macOS 10.8 where it is not needed
configure:21644: $? = 0
configure:21647: test -s conftest
configure:21650: $? = 0
configure:21661: result: yes
configure:21847: checking for fpathconf
configure:21884: /nest/build/Developer/Toolchains/Default.xctoolchain/usr/bin/clang -o conftest --sysroot=/Developer/Platforms/ravynOS.platform/Developer/SDKs/ravynOS.sdk -Qunused-arguments -Wno-error=implicit-function-declaration -no-cpp-precomp -D_DARWIN_C_SOURCE -DNDEBUG  -Wl,-search_paths_first conftest.c  >&5
ld: warning: building for macOS 10.2.0 is deprecated
ld: warning: Csu support file -lcrt1.o not found, changing to target macOS 10.8 where it is not needed
configure:21887: $? = 0
configure:21890: test -s conftest
configure:21893: $? = 0
configure:21903: result: yes
configure:21847: checking for getcwd
configure:21884: /nest/build/Developer/Toolchains/Default.xctoolchain/usr/bin/clang -o conftest --sysroot=/Developer/Platforms/ravynOS.platform/Developer/SDKs/ravynOS.sdk -Qunused-arguments -Wno-error=implicit-function-declaration -no-cpp-precomp -D_DARWIN_C_SOURCE -DNDEBUG  -Wl,-search_paths_first conftest.c  >&5
ld: warning: building for macOS 10.2.0 is deprecated
ld: warning: Csu support file -lcrt1.o not found, changing to target macOS 10.8 where it is not needed
configure:21887: $? = 0
configure:21890: test -s conftest
configure:21893: $? = 0
configure:21903: result: yes
configure:21847: checking for getauxval
configure:21884: /nest/build/Developer/Toolchains/Default.xctoolchain/usr/bin/clang -o conftest --sysroot=/Developer/Platforms/ravynOS.platform/Developer/SDKs/ravynOS.sdk -Qunused-arguments -Wno-error=implicit-function-declaration -no-cpp-precomp -D_DARWIN_C_SOURCE -DNDEBUG  -Wl,-search_paths_first conftest.c  >&5
ld: warning: building for macOS 10.2.0 is deprecated
ld: warning: Csu support file -lcrt1.o not found, changing to target macOS 10.8 where it is not needed
Undefined symbols for architecture x86_64:
  "_getauxval", referenced from:
      _main in conftest-aec86e.o
ld: symbol(s) not found for architecture x86_64
clang: error: linker command failed with exit code 1 (use -v to see invocation)
configure:21887: $? = 1
configure: failed program was:
#line 21853 "configure"
#include "confdefs.h"
#define getauxval autoconf_temporary
#include <limits.h>	/* least-intrusive standard header which defines gcc2 __stub macros */
#undef getauxval

#ifdef __cplusplus
extern "C"
#endif

/* We use char because int might match the return type of a gcc2
   builtin and then its argument prototype would still apply.  */
char getauxval (void);

int
main (void)
{

/* The GNU C library defines stubs for functions which it implements
    to always fail with ENOSYS.  Some functions are actually named
    something starting with __ and the normal name is an alias.  */
#if defined (__stub_getauxval) || defined (__stub___getauxval)
#error found stub for getauxval
#endif

	return getauxval ();
  ;
  return 0;
}
configure:21903: result: no
configure:21847: checking for getegid
configure:21884: /nest/build/Developer/Toolchains/Default.xctoolchain/usr/bin/clang -o conftest --sysroot=/Developer/Platforms/ravynOS.platform/Developer/SDKs/ravynOS.sdk -Qunused-arguments -Wno-error=implicit-function-declaration -no-cpp-precomp -D_DARWIN_C_SOURCE -DNDEBUG  -Wl,-search_paths_first conftest.c  >&5
ld: warning: building for macOS 10.2.0 is deprecated
ld: warning: Csu support file -lcrt1.o not found, changing to target macOS 10.8 where it is not needed
configure:21887: $? = 0
configure:21890: test -s conftest
configure:21893: $? = 0
configure:21903: result: yes
configure:21847: checking for geteuid
configure:21884: /nest/build/Developer/Toolchains/Default.xctoolchain/usr/bin/clang -o conftest --sysroot=/Developer/Platforms/ravynOS.platform/Developer/SDKs/ravynOS.sdk -Qunused-arguments -Wno-error=implicit-function-declaration -no-cpp-precomp -D_DARWIN_C_SOURCE -DNDEBUG  -Wl,-search_paths_first conftest.c  >&5
ld: warning: building for macOS 10.2.0 is deprecated
ld: warning: Csu support file -lcrt1.o not found, changing to target macOS 10.8 where it is not needed
configure:21887: $? = 0
configure:21890: test -s conftest
configure:21893: $? = 0
configure:21903: result: yes
configure:21847: checking for getopt
configure:21884: /nest/build/Developer/Toolchains/Default.xctoolchain/usr/bin/clang -o conftest --sysroot=/Developer/Platforms/ravynOS.platform/Developer/SDKs/ravynOS.sdk -Qunused-arguments -Wno-error=implicit-function-declaration -no-cpp-precomp -D_DARWIN_C_SOURCE -DNDEBUG  -Wl,-search_paths_first conftest.c  >&5
ld: warning: building for macOS 10.2.0 is deprecated
ld: warning: Csu support file -lcrt1.o not found, changing to target macOS 10.8 where it is not needed
configure:21887: $? = 0
configure:21890: test -s conftest
configure:21893: $? = 0
configure:21903: result: yes
configure:21847: checking for getuid
configure:21884: /nest/build/Developer/Toolchains/Default.xctoolchain/usr/bin/clang -o conftest --sysroot=/Developer/Platforms/ravynOS.platform/Developer/SDKs/ravynOS.sdk -Qunused-arguments -Wno-error=implicit-function-declaration -no-cpp-precomp -D_DARWIN_C_SOURCE -DNDEBUG  -Wl,-search_paths_first conftest.c  >&5
ld: warning: building for macOS 10.2.0 is deprecated
ld: warning: Csu support file -lcrt1.o not found, changing to target macOS 10.8 where it is not needed
configure:21887: $? = 0
configure:21890: test -s conftest
configure:21893: $? = 0
configure:21903: result: yes
configure:21847: checking for issetugid
configure:21884: /nest/build/Developer/Toolchains/Default.xctoolchain/usr/bin/clang -o conftest --sysroot=/Developer/Platforms/ravynOS.platform/Developer/SDKs/ravynOS.sdk -Qunused-arguments -Wno-error=implicit-function-declaration -no-cpp-precomp -D_DARWIN_C_SOURCE -DNDEBUG  -Wl,-search_paths_first conftest.c  >&5
ld: warning: building for macOS 10.2.0 is deprecated
ld: warning: Csu support file -lcrt1.o not found, changing to target macOS 10.8 where it is not needed
configure:21887: $? = 0
configure:21890: test -s conftest
configure:21893: $? = 0
configure:21903: result: yes
configure:21847: checking for localeconv
configure:21884: /nest/build/Developer/Toolchains/Default.xctoolchain/usr/bin/clang -o conftest --sysroot=/Developer/Platforms/ravynOS.platform/Developer/SDKs/ravynOS.sdk -Qunused-arguments -Wno-error=implicit-function-declaration -no-cpp-precomp -D_DARWIN_C_SOURCE -DNDEBUG  -Wl,-search_paths_first conftest.c  >&5
ld: warning: building for macOS 10.2.0 is deprecated
ld: warning: Csu support file -lcrt1.o not found, changing to target macOS 10.8 where it is not needed
configure:21887: $? = 0
configure:21890: test -s conftest
configure:21893: $? = 0
configure:21903: result: yes
configure:21847: checking for poll
configure:21884: /nest/build/Developer/Toolchains/Default.xctoolchain/usr/bin/clang -o conftest --sysroot=/Developer/Platforms/ravynOS.platform/Developer/SDKs/ravynOS.sdk -Qunused-arguments -Wno-error=implicit-function-declaration -no-cpp-precomp -D_DARWIN_C_SOURCE -DNDEBUG  -Wl,-search_paths_first conftest.c  >&5
ld: warning: building for macOS 10.2.0 is deprecated
ld: warning: Csu support file -lcrt1.o not found, changing to target macOS 10.8 where it is not needed
configure:21887: $? = 0
configure:21890: test -s conftest
configure:21893: $? = 0
configure:21903: result: yes
configure:21847: checking for remove
configure:21903: result: yes
configure:21847: checking for select
configure:21884: /nest/build/Developer/Toolchains/Default.xctoolchain/usr/bin/clang -o conftest --sysroot=/Developer/Platforms/ravynOS.platform/Developer/SDKs/ravynOS.sdk -Qunused-arguments -Wno-error=implicit-function-declaration -no-cpp-precomp -D_DARWIN_C_SOURCE -DNDEBUG  -Wl,-search_paths_first conftest.c  >&5
ld: warning: building for macOS 10.2.0 is deprecated
ld: warning: Csu support file -lcrt1.o not found, changing to target macOS 10.8 where it is not needed
configure:21887: $? = 0
configure:21890: test -s conftest
configure:21893: $? = 0
configure:21903: result: yes
configure:21847: checking for setbuf
configure:21884: /nest/build/Developer/Toolchains/Default.xctoolchain/usr/bin/clang -o conftest --sysroot=/Developer/Platforms/ravynOS.platform/Developer/SDKs/ravynOS.sdk -Qunused-arguments -Wno-error=implicit-function-declaration -no-cpp-precomp -D_DARWIN_C_SOURCE -DNDEBUG  -Wl,-search_paths_first conftest.c  >&5
ld: warning: building for macOS 10.2.0 is deprecated
ld: warning: Csu support file -lcrt1.o not found, changing to target macOS 10.8 where it is not needed
configure:21887: $? = 0
configure:21890: test -s conftest
configure:21893: $? = 0
configure:21903: result: yes
configure:21847: checking for setbuffer
configure:21884: /nest/build/Developer/Toolchains/Default.xctoolchain/usr/bin/clang -o conftest --sysroot=/Developer/Platforms/ravynOS.platform/Developer/SDKs/ravynOS.sdk -Qunused-arguments -Wno-error=implicit-function-declaration -no-cpp-precomp -D_DARWIN_C_SOURCE -DNDEBUG  -Wl,-search_paths_first conftest.c  >&5
ld: warning: building for macOS 10.2.0 is deprecated
ld: warning: Csu support file -lcrt1.o not found, changing to target macOS 10.8 where it is not needed
configure:21887: $? = 0
configure:21890: test -s conftest
configure:21893: $? = 0
configure:21903: result: yes
configure:21847: checking for setfsuid
configure:21884: /nest/build/Developer/Toolchains/Default.xctoolchain/usr/bin/clang -o conftest --sysroot=/Developer/Platforms/ravynOS.platform/Developer/SDKs/ravynOS.sdk -Qunused-arguments -Wno-error=implicit-function-declaration -no-cpp-precomp -D_DARWIN_C_SOURCE -DNDEBUG  -Wl,-search_paths_first conftest.c  >&5
ld: warning: building for macOS 10.2.0 is deprecated
ld: warning: Csu support file -lcrt1.o not found, changing to target macOS 10.8 where it is not needed
Undefined symbols for architecture x86_64:
  "_setfsuid", referenced from:
      _main in conftest-3d225f.o
ld: symbol(s) not found for architecture x86_64
clang: error: linker command failed with exit code 1 (use -v to see invocation)
configure:21887: $? = 1
configure: failed program was:
#line 21853 "configure"
#include "confdefs.h"
#define setfsuid autoconf_temporary
#include <limits.h>	/* least-intrusive standard header which defines gcc2 __stub macros */
#undef setfsuid

#ifdef __cplusplus
extern "C"
#endif

/* We use char because int might match the return type of a gcc2
   builtin and then its argument prototype would still apply.  */
char setfsuid (void);

int
main (void)
{

/* The GNU C library defines stubs for functions which it implements
    to always fail with ENOSYS.  Some functions are actually named
    something starting with __ and the normal name is an alias.  */
#if defined (__stub_setfsuid) || defined (__stub___setfsuid)
#error found stub for setfsuid
#endif

	return setfsuid ();
  ;
  return 0;
}
configure:21903: result: no
configure:21847: checking for setvbuf
configure:21884: /nest/build/Developer/Toolchains/Default.xctoolchain/usr/bin/clang -o conftest --sysroot=/Developer/Platforms/ravynOS.platform/Developer/SDKs/ravynOS.sdk -Qunused-arguments -Wno-error=implicit-function-declaration -no-cpp-precomp -D_DARWIN_C_SOURCE -DNDEBUG  -Wl,-search_paths_first conftest.c  >&5
ld: warning: building for macOS 10.2.0 is deprecated
ld: warning: Csu support file -lcrt1.o not found, changing to target macOS 10.8 where it is not needed
configure:21887: $? = 0
configure:21890: test -s conftest
configure:21893: $? = 0
configure:21903: result: yes
configure:21847: checking for sigaction
configure:21884: /nest/build/Developer/Toolchains/Default.xctoolchain/usr/bin/clang -o conftest --sysroot=/Developer/Platforms/ravynOS.platform/Developer/SDKs/ravynOS.sdk -Qunused-arguments -Wno-error=implicit-function-declaration -no-cpp-precomp -D_DARWIN_C_SOURCE -DNDEBUG  -Wl,-search_paths_first conftest.c  >&5
ld: warning: building for macOS 10.2.0 is deprecated
ld: warning: Csu support file -lcrt1.o not found, changing to target macOS 10.8 where it is not needed
configure:21887: $? = 0
configure:21890: test -s conftest
configure:21893: $? = 0
configure:21903: result: yes
configure:21847: checking for sigvec
configure:21884: /nest/build/Developer/Toolchains/Default.xctoolchain/usr/bin/clang -o conftest --sysroot=/Developer/Platforms/ravynOS.platform/Developer/SDKs/ravynOS.sdk -Qunused-arguments -Wno-error=implicit-function-declaration -no-cpp-precomp -D_DARWIN_C_SOURCE -DNDEBUG  -Wl,-search_paths_first conftest.c  >&5
ld: warning: building for macOS 10.2.0 is deprecated
ld: warning: Csu support file -lcrt1.o not found, changing to target macOS 10.8 where it is not needed
configure:21887: $? = 0
configure:21890: test -s conftest
configure:21893: $? = 0
configure:21903: result: yes
configure:21847: checking for snprintf
configure:21884: /nest/build/Developer/Toolchains/Default.xctoolchain/usr/bin/clang -o conftest --sysroot=/Developer/Platforms/ravynOS.platform/Developer/SDKs/ravynOS.sdk -Qunused-arguments -Wno-error=implicit-function-declaration -no-cpp-precomp -D_DARWIN_C_SOURCE -DNDEBUG  -Wl,-search_paths_first conftest.c  >&5
configure:21864:6: warning: incompatible redeclaration of library function 'snprintf' [-Wincompatible-library-redeclaration]
 21864 | char snprintf (void);
       |      ^
configure:21864:6: note: 'snprintf' is a builtin with type 'int (char *, unsigned long, const char *, ...)'
1 warning generated.
ld: warning: building for macOS 10.2.0 is deprecated
ld: warning: Csu support file -lcrt1.o not found, changing to target macOS 10.8 where it is not needed
configure:21887: $? = 0
configure:21890: test -s conftest
configure:21893: $? = 0
configure:21903: result: yes
configure:21847: checking for strdup
configure:21903: result: yes
configure:21847: checking for strstr
configure:21884: /nest/build/Developer/Toolchains/Default.xctoolchain/usr/bin/clang -o conftest --sysroot=/Developer/Platforms/ravynOS.platform/Developer/SDKs/ravynOS.sdk -Qunused-arguments -Wno-error=implicit-function-declaration -no-cpp-precomp -D_DARWIN_C_SOURCE -DNDEBUG  -Wl,-search_paths_first conftest.c  >&5
configure:21864:6: warning: incompatible redeclaration of library function 'strstr' [-Wincompatible-library-redeclaration]
 21864 | char strstr (void);
       |      ^
configure:21864:6: note: 'strstr' is a builtin with type 'char *(const char *, const char *)'
1 warning generated.
ld: warning: building for macOS 10.2.0 is deprecated
ld: warning: Csu support file -lcrt1.o not found, changing to target macOS 10.8 where it is not needed
configure:21887: $? = 0
configure:21890: test -s conftest
configure:21893: $? = 0
configure:21903: result: yes
configure:21847: checking for sysconf
configure:21884: /nest/build/Developer/Toolchains/Default.xctoolchain/usr/bin/clang -o conftest --sysroot=/Developer/Platforms/ravynOS.platform/Developer/SDKs/ravynOS.sdk -Qunused-arguments -Wno-error=implicit-function-declaration -no-cpp-precomp -D_DARWIN_C_SOURCE -DNDEBUG  -Wl,-search_paths_first conftest.c  >&5
ld: warning: building for macOS 10.2.0 is deprecated
ld: warning: Csu support file -lcrt1.o not found, changing to target macOS 10.8 where it is not needed
configure:21887: $? = 0
configure:21890: test -s conftest
configure:21893: $? = 0
configure:21903: result: yes
configure:21847: checking for tcgetpgrp
configure:21884: /nest/build/Developer/Toolchains/Default.xctoolchain/usr/bin/clang -o conftest --sysroot=/Developer/Platforms/ravynOS.platform/Developer/SDKs/ravynOS.sdk -Qunused-arguments -Wno-error=implicit-function-declaration -no-cpp-precomp -D_DARWIN_C_SOURCE -DNDEBUG  -Wl,-search_paths_first conftest.c  >&5
ld: warning: building for macOS 10.2.0 is deprecated
ld: warning: Csu support file -lcrt1.o not found, changing to target macOS 10.8 where it is not needed
configure:21887: $? = 0
configure:21890: test -s conftest
configure:21893: $? = 0
configure:21903: result: yes
configure:21847: checking for times
configure:21884: /nest/build/Developer/Toolchains/Default.xctoolchain/usr/bin/clang -o conftest --sysroot=/Developer/Platforms/ravynOS.platform/Developer/SDKs/ravynOS.sdk -Qunused-arguments -Wno-error=implicit-function-declaration -no-cpp-precomp -D_DARWIN_C_SOURCE -DNDEBUG  -Wl,-search_paths_first conftest.c  >&5
ld: warning: building for macOS 10.2.0 is deprecated
ld: warning: Csu support file -lcrt1.o not found, changing to target macOS 10.8 where it is not needed
configure:21887: $? = 0
configure:21890: test -s conftest
configure:21893: $? = 0
configure:21903: result: yes
configure:21847: checking for tsearch
configure:21884: /nest/build/Developer/Toolchains/Default.xctoolchain/usr/bin/clang -o conftest --sysroot=/Developer/Platforms/ravynOS.platform/Developer/SDKs/ravynOS.sdk -Qunused-arguments -Wno-error=implicit-function-declaration -no-cpp-precomp -D_DARWIN_C_SOURCE -DNDEBUG  -Wl,-search_paths_first conftest.c  >&5
ld: warning: building for macOS 10.2.0 is deprecated
ld: warning: Csu support file -lcrt1.o not found, changing to target macOS 10.8 where it is not needed
configure:21887: $? = 0
configure:21890: test -s conftest
configure:21893: $? = 0
configure:21903: result: yes
configure:21847: checking for vsnprintf
configure:21884: /nest/build/Developer/Toolchains/Default.xctoolchain/usr/bin/clang -o conftest --sysroot=/Developer/Platforms/ravynOS.platform/Developer/SDKs/ravynOS.sdk -Qunused-arguments -Wno-error=implicit-function-declaration -no-cpp-precomp -D_DARWIN_C_SOURCE -DNDEBUG  -Wl,-search_paths_first conftest.c  >&5
configure:21864:6: warning: incompatible redeclaration of library function 'vsnprintf' [-Wincompatible-library-redeclaration]
 21864 | char vsnprintf (void);
       |      ^
configure:21864:6: note: 'vsnprintf' is a builtin with type 'int (char *, unsigned long, const char *, struct __va_list_tag *)'
1 warning generated.
ld: warning: building for macOS 10.2.0 is deprecated
ld: warning: Csu support file -lcrt1.o not found, changing to target macOS 10.8 where it is not needed
configure:21887: $? = 0
configure:21890: test -s conftest
configure:21893: $? = 0
configure:21903: result: yes
configure:21913: checking if _PATH_TTYS is defined in ttyent.h
configure:21935: /nest/build/Developer/Toolchains/Default.xctoolchain/usr/bin/clang -c --sysroot=/Developer/Platforms/ravynOS.platform/Developer/SDKs/ravynOS.sdk -Qunused-arguments -Wno-error=implicit-function-declaration -no-cpp-precomp -D_DARWIN_C_SOURCE -DNDEBUG conftest.c >&5
configure:21938: $? = 0
configure:21941: test -s conftest.o
configure:21944: $? = 0
configure:21954: result: yes
configure:21976: checking if _PATH_TTYS file exists
configure:22018: result: unknown
configure:22030: checking for getttynam
configure:22049: /nest/build/Developer/Toolchains/Default.xctoolchain/usr/bin/clang -o conftest --sysroot=/Developer/Platforms/ravynOS.platform/Developer/SDKs/ravynOS.sdk -Qunused-arguments -Wno-error=implicit-function-declaration -no-cpp-precomp -D_DARWIN_C_SOURCE -DNDEBUG  -Wl,-search_paths_first conftest.c  >&5
ld: warning: building for macOS 10.2.0 is deprecated
ld: warning: Csu support file -lcrt1.o not found, changing to target macOS 10.8 where it is not needed
configure:22052: $? = 0
configure:22055: test -s conftest
configure:22058: $? = 0
configure:22068: result: yes
configure:22222: checking for isascii
configure:22241: /nest/build/Developer/Toolchains/Default.xctoolchain/usr/bin/clang -o conftest --sysroot=/Developer/Platforms/ravynOS.platform/Developer/SDKs/ravynOS.sdk -Qunused-arguments -Wno-error=implicit-function-declaration -no-cpp-precomp -D_DARWIN_C_SOURCE -DNDEBUG  -Wl,-search_paths_first conftest.c  >&5
ld: warning: building for macOS 10.2.0 is deprecated
ld: warning: Csu support file -lcrt1.o not found, changing to target macOS 10.8 where it is not needed
configure:22244: $? = 0
configure:22247: test -s conftest
configure:22250: $? = 0
configure:22261: result: yes
configure:22269: checking whether sigaction needs _POSIX_SOURCE
configure:22286: /nest/build/Developer/Toolchains/Default.xctoolchain/usr/bin/clang -c --sysroot=/Developer/Platforms/ravynOS.platform/Developer/SDKs/ravynOS.sdk -Qunused-arguments -Wno-error=implicit-function-declaration -no-cpp-precomp -D_DARWIN_C_SOURCE -DNDEBUG conftest.c >&5
configure:22289: $? = 0
configure:22292: test -s conftest.o
configure:22295: $? = 0
configure:22343: result: no
configure:22347: checking if nanosleep really works
configure:22403: result: unknown
configure:22420: checking for sgtty.h
configure:22430: /nest/build/Developer/Toolchains/Default.xctoolchain/usr/bin/clang -E -D_DARWIN_C_SOURCE -DNDEBUG conftest.c
configure:22436: $? = 0
configure:22455: result: yes
configure:22420: checking for termio.h
configure:22430: /nest/build/Developer/Toolchains/Default.xctoolchain/usr/bin/clang -E -D_DARWIN_C_SOURCE -DNDEBUG conftest.c
configure:22427:10: fatal error: 'termio.h' file not found
 22427 | #include <termio.h>
       |          ^~~~~~~~~~
1 error generated.
configure:22436: $? = 1
configure: failed program was:
#line 22426 "configure"
#include "confdefs.h"
#include <termio.h>
configure:22455: result: no
configure:22420: checking for termios.h
configure:22430: /nest/build/Developer/Toolchains/Default.xctoolchain/usr/bin/clang -E -D_DARWIN_C_SOURCE -DNDEBUG conftest.c
configure:22436: $? = 0
configure:22455: result: yes
configure:22420: checking for unistd.h
configure:22455: result: yes
configure:22420: checking for sys/ioctl.h
configure:22455: result: yes
configure:22420: checking for sys/termio.h
configure:22430: /nest/build/Developer/Toolchains/Default.xctoolchain/usr/bin/clang -E -D_DARWIN_C_SOURCE -DNDEBUG conftest.c
configure:22427:10: fatal error: 'sys/termio.h' file not found
 22427 | #include <sys/termio.h>
       |          ^~~~~~~~~~~~~~
1 error generated.
configure:22436: $? = 1
configure: failed program was:
#line 22426 "configure"
#include "confdefs.h"
#include <sys/termio.h>
configure:22455: result: no
configure:22472: checking whether termios.h needs _POSIX_SOURCE
configure:22487: /nest/build/Developer/Toolchains/Default.xctoolchain/usr/bin/clang -c --sysroot=/Developer/Platforms/ravynOS.platform/Developer/SDKs/ravynOS.sdk -Qunused-arguments -Wno-error=implicit-function-declaration -no-cpp-precomp -D_DARWIN_C_SOURCE -DNDEBUG conftest.c >&5
configure:22490: $? = 0
configure:22493: test -s conftest.o
configure:22496: $? = 0
configure:22543: result: no
configure:22548: checking for tcgetattr
configure:22583: /nest/build/Developer/Toolchains/Default.xctoolchain/usr/bin/clang -o conftest --sysroot=/Developer/Platforms/ravynOS.platform/Developer/SDKs/ravynOS.sdk -Qunused-arguments -Wno-error=implicit-function-declaration -no-cpp-precomp -D_DARWIN_C_SOURCE -DNDEBUG  -Wl,-search_paths_first conftest.c  >&5
ld: warning: building for macOS 10.2.0 is deprecated
ld: warning: Csu support file -lcrt1.o not found, changing to target macOS 10.8 where it is not needed
configure:22586: $? = 0
configure:22589: test -s conftest
configure:22592: $? = 0
configure:22602: result: yes
configure:22609: checking for vsscanf function or workaround
configure:22642: /nest/build/Developer/Toolchains/Default.xctoolchain/usr/bin/clang -o conftest --sysroot=/Developer/Platforms/ravynOS.platform/Developer/SDKs/ravynOS.sdk -Qunused-arguments -Wno-error=implicit-function-declaration -no-cpp-precomp -D_DARWIN_C_SOURCE -DNDEBUG  -Wl,-search_paths_first conftest.c  >&5
ld: warning: building for macOS 10.2.0 is deprecated
ld: warning: Csu support file -lcrt1.o not found, changing to target macOS 10.8 where it is not needed
configure:22645: $? = 0
configure:22648: test -s conftest
configure:22651: $? = 0
configure:22744: result: vsscanf
configure:22770: checking for unistd.h
configure:22805: result: yes
configure:22815: checking for working mkstemp
configure:22884: result: maybe
configure:22887: checking for mkstemp
configure:22924: /nest/build/Developer/Toolchains/Default.xctoolchain/usr/bin/clang -o conftest --sysroot=/Developer/Platforms/ravynOS.platform/Developer/SDKs/ravynOS.sdk -Qunused-arguments -Wno-error=implicit-function-declaration -no-cpp-precomp -D_DARWIN_C_SOURCE -DNDEBUG  -Wl,-search_paths_first conftest.c  >&5
ld: warning: building for macOS 10.2.0 is deprecated
ld: warning: Csu support file -lcrt1.o not found, changing to target macOS 10.8 where it is not needed
configure:22927: $? = 0
configure:22930: test -s conftest
configure:22933: $? = 0
configure:22943: result: yes
configure:22964: WARNING: cross compiling: assume setvbuf params not reversed
configure:23027: checking for intptr_t
configure:23048: /nest/build/Developer/Toolchains/Default.xctoolchain/usr/bin/clang -c --sysroot=/Developer/Platforms/ravynOS.platform/Developer/SDKs/ravynOS.sdk -Qunused-arguments -Wno-error=implicit-function-declaration -no-cpp-precomp -D_DARWIN_C_SOURCE -DNDEBUG conftest.c >&5
configure:23051: $? = 0
configure:23054: test -s conftest.o
configure:23057: $? = 0
configure:23067: result: yes
configure:23079: checking for ssize_t
configure:23100: /nest/build/Developer/Toolchains/Default.xctoolchain/usr/bin/clang -c --sysroot=/Developer/Platforms/ravynOS.platform/Developer/SDKs/ravynOS.sdk -Qunused-arguments -Wno-error=implicit-function-declaration -no-cpp-precomp -D_DARWIN_C_SOURCE -DNDEBUG conftest.c >&5
configure:23103: $? = 0
configure:23106: test -s conftest.o
configure:23109: $? = 0
configure:23119: result: yes
configure:23131: checking for type sigaction_t
configure:23151: /nest/build/Developer/Toolchains/Default.xctoolchain/usr/bin/clang -c --sysroot=/Developer/Platforms/ravynOS.platform/Developer/SDKs/ravynOS.sdk -Qunused-arguments -Wno-error=implicit-function-declaration -no-cpp-precomp -D_DARWIN_C_SOURCE -DNDEBUG conftest.c >&5
configure:23144:1: error: use of undeclared identifier 'sigaction_t'; did you mean 'sigaction'?
 23144 | sigaction_t x; (void)x
       | ^~~~~~~~~~~
       | sigaction
/Developer/Platforms/ravynOS.platform/Developer/SDKs/ravynOS.sdk/usr/include/signal.h:84:5: note: 'sigaction' declared here
   84 | int     sigaction(int, const struct sigaction * __restrict,
      |         ^
configure:23144:1: error: must use 'struct' tag to refer to type 'sigaction'
 23144 | sigaction_t x; (void)x
       | ^
       | struct 
/Developer/Platforms/ravynOS.platform/Developer/SDKs/ravynOS.sdk/usr/include/signal.h:84:5: note: struct 'sigaction' is hidden by a non-type declaration of 'sigaction' here
   84 | int     sigaction(int, const struct sigaction * __restrict,
      |         ^
2 errors generated.
configure:23154: $? = 1
configure: failed program was:
#line 23138 "configure"
#include "confdefs.h"

#include <signal.h>
int
main (void)
{
sigaction_t x; (void)x
  ;
  return 0;
}
configure:23171: result: no
configure:23178: checking declaration of size-change
configure:23249: /nest/build/Developer/Toolchains/Default.xctoolchain/usr/bin/clang -c --sysroot=/Developer/Platforms/ravynOS.platform/Developer/SDKs/ravynOS.sdk -Qunused-arguments -Wno-error=implicit-function-declaration -no-cpp-precomp -D_DARWIN_C_SOURCE -DNDEBUG conftest.c >&5
configure:23252: $? = 0
configure:23255: test -s conftest.o
configure:23258: $? = 0
size-change succeeded ()
configure:23277: result: yes
configure:23295: checking for memmove
configure:23332: /nest/build/Developer/Toolchains/Default.xctoolchain/usr/bin/clang -o conftest --sysroot=/Developer/Platforms/ravynOS.platform/Developer/SDKs/ravynOS.sdk -Qunused-arguments -Wno-error=implicit-function-declaration -no-cpp-precomp -D_DARWIN_C_SOURCE -DNDEBUG  -Wl,-search_paths_first conftest.c  >&5
configure:23312:6: warning: incompatible redeclaration of library function 'memmove' [-Wincompatible-library-redeclaration]
 23312 | char memmove (void);
       |      ^
configure:23312:6: note: 'memmove' is a builtin with type 'void *(void *, const void *, unsigned long)'
1 warning generated.
ld: warning: building for macOS 10.2.0 is deprecated
ld: warning: Csu support file -lcrt1.o not found, changing to target macOS 10.8 where it is not needed
configure:23335: $? = 0
configure:23338: test -s conftest
configure:23341: $? = 0
configure:23351: result: yes
configure:23557: checking if poll really works
configure:23640: result: unknown
configure:23647: checking if MB_LEN_MAX is usable
configure:23674: /nest/build/Developer/Toolchains/Default.xctoolchain/usr/bin/clang -c --sysroot=/Developer/Platforms/ravynOS.platform/Developer/SDKs/ravynOS.sdk -Qunused-arguments -Wno-error=implicit-function-declaration -no-cpp-precomp -D_DARWIN_C_SOURCE -DNDEBUG conftest.c >&5
configure:23677: $? = 0
configure:23680: test -s conftest.o
configure:23683: $? = 0
configure:23693: result: yes
configure:23707: checking for va_copy
configure:23731: /nest/build/Developer/Toolchains/Default.xctoolchain/usr/bin/clang -o conftest --sysroot=/Developer/Platforms/ravynOS.platform/Developer/SDKs/ravynOS.sdk -Qunused-arguments -Wno-error=implicit-function-declaration -no-cpp-precomp -D_DARWIN_C_SOURCE -DNDEBUG  -Wl,-search_paths_first conftest.c  >&5
ld: warning: building for macOS 10.2.0 is deprecated
ld: warning: Csu support file -lcrt1.o not found, changing to target macOS 10.8 where it is not needed
configure:23734: $? = 0
configure:23737: test -s conftest
configure:23740: $? = 0
configure:23750: result: yes
configure:23980: checking for pid_t
configure:24001: /nest/build/Developer/Toolchains/Default.xctoolchain/usr/bin/clang -c --sysroot=/Developer/Platforms/ravynOS.platform/Developer/SDKs/ravynOS.sdk -Qunused-arguments -Wno-error=implicit-function-declaration -no-cpp-precomp -D_DARWIN_C_SOURCE -DNDEBUG conftest.c >&5
configure:24004: $? = 0
configure:24007: test -s conftest.o
configure:24010: $? = 0
configure:24020: result: yes
configure:24035: checking for unistd.h
configure:24070: result: yes
configure:24035: checking for vfork.h
configure:24045: /nest/build/Developer/Toolchains/Default.xctoolchain/usr/bin/clang -E -D_DARWIN_C_SOURCE -DNDEBUG conftest.c
configure:24042:10: fatal error: 'vfork.h' file not found
 24042 | #include <vfork.h>
       |          ^~~~~~~~~
1 error generated.
configure:24051: $? = 1
configure: failed program was:
#line 24041 "configure"
#include "confdefs.h"
#include <vfork.h>
configure:24070: result: no
configure:24083: checking for fork
configure:24120: /nest/build/Developer/Toolchains/Default.xctoolchain/usr/bin/clang -o conftest --sysroot=/Developer/Platforms/ravynOS.platform/Developer/SDKs/ravynOS.sdk -Qunused-arguments -Wno-error=implicit-function-declaration -no-cpp-precomp -D_DARWIN_C_SOURCE -DNDEBUG  -Wl,-search_paths_first conftest.c  >&5
ld: warning: building for macOS 10.2.0 is deprecated
ld: warning: Csu support file -lcrt1.o not found, changing to target macOS 10.8 where it is not needed
configure:24123: $? = 0
configure:24126: test -s conftest
configure:24129: $? = 0
configure:24139: result: yes
configure:24083: checking for vfork
configure:24120: /nest/build/Developer/Toolchains/Default.xctoolchain/usr/bin/clang -o conftest --sysroot=/Developer/Platforms/ravynOS.platform/Developer/SDKs/ravynOS.sdk -Qunused-arguments -Wno-error=implicit-function-declaration -no-cpp-precomp -D_DARWIN_C_SOURCE -DNDEBUG  -Wl,-search_paths_first conftest.c  >&5
configure:24100:6: warning: incompatible redeclaration of library function 'vfork' [-Wincompatible-library-redeclaration]
 24100 | char vfork (void);
       |      ^
configure:24100:6: note: 'vfork' is a builtin with type 'int (void)'
1 warning generated.
ld: warning: building for macOS 10.2.0 is deprecated
ld: warning: Csu support file -lcrt1.o not found, changing to target macOS 10.8 where it is not needed
configure:24123: $? = 0
configure:24126: test -s conftest
configure:24129: $? = 0
configure:24139: result: yes
configure:24151: checking for working fork
configure:24194: result: yes
configure:24213: checking for working vfork
configure:24335: result: yes
configure:24366: checking if fopen accepts explicit binary mode
configure:24432: result: unknown
configure:24439: checking for cc_t
configure:24463: /nest/build/Developer/Toolchains/Default.xctoolchain/usr/bin/clang -c --sysroot=/Developer/Platforms/ravynOS.platform/Developer/SDKs/ravynOS.sdk -Qunused-arguments -Wno-error=implicit-function-declaration -no-cpp-precomp -D_DARWIN_C_SOURCE -DNDEBUG conftest.c >&5
configure:24466: $? = 0
configure:24469: test -s conftest.o
configure:24472: $? = 0
configure:24482: result: yes
configure:24492: checking for speed_t
configure:24516: /nest/build/Developer/Toolchains/Default.xctoolchain/usr/bin/clang -c --sysroot=/Developer/Platforms/ravynOS.platform/Developer/SDKs/ravynOS.sdk -Qunused-arguments -Wno-error=implicit-function-declaration -no-cpp-precomp -D_DARWIN_C_SOURCE -DNDEBUG conftest.c >&5
configure:24519: $? = 0
configure:24522: test -s conftest.o
configure:24525: $? = 0
configure:24535: result: yes
configure:24545: checking for tcflag_t
configure:24569: /nest/build/Developer/Toolchains/Default.xctoolchain/usr/bin/clang -c --sysroot=/Developer/Platforms/ravynOS.platform/Developer/SDKs/ravynOS.sdk -Qunused-arguments -Wno-error=implicit-function-declaration -no-cpp-precomp -D_DARWIN_C_SOURCE -DNDEBUG conftest.c >&5
configure:24572: $? = 0
configure:24575: test -s conftest.o
configure:24578: $? = 0
configure:24588: result: yes
configure:24598: checking for sigset_t
configure:24622: /nest/build/Developer/Toolchains/Default.xctoolchain/usr/bin/clang -c --sysroot=/Developer/Platforms/ravynOS.platform/Developer/SDKs/ravynOS.sdk -Qunused-arguments -Wno-error=implicit-function-declaration -no-cpp-precomp -D_DARWIN_C_SOURCE -DNDEBUG conftest.c >&5
configure:24625: $? = 0
configure:24628: test -s conftest.o
configure:24631: $? = 0
configure:24641: result: yes
configure:24653: checking for openpty in -lutil
configure:24680: /nest/build/Developer/Toolchains/Default.xctoolchain/usr/bin/clang -o conftest --sysroot=/Developer/Platforms/ravynOS.platform/Developer/SDKs/ravynOS.sdk -Qunused-arguments -Wno-error=implicit-function-declaration -no-cpp-precomp -D_DARWIN_C_SOURCE -DNDEBUG  -Wl,-search_paths_first conftest.c -lutil   >&5
ld: warning: building for macOS 10.2.0 is deprecated
ld: warning: Csu support file -lcrt1.o not found, changing to target macOS 10.8 where it is not needed
ld: library not found for -lutil
clang: error: linker command failed with exit code 1 (use -v to see invocation)
configure:24683: $? = 1
configure: failed program was:
#line 24661 "configure"
#include "confdefs.h"

/* Override any gcc2 internal prototype to avoid an error.  */
#ifdef __cplusplus
extern "C"
#endif
/* We use char because int might match the return type of a gcc2
   builtin and then its argument prototype would still apply.  */
char openpty (void);
int
main (void)
{
openpty ();
  ;
  return 0;
}
configure:24700: result: no
configure:24708: checking for openpty header
configure:24753: /nest/build/Developer/Toolchains/Default.xctoolchain/usr/bin/clang -o conftest --sysroot=/Developer/Platforms/ravynOS.platform/Developer/SDKs/ravynOS.sdk -Qunused-arguments -Wno-error=implicit-function-declaration -no-cpp-precomp -D_DARWIN_C_SOURCE -DNDEBUG  -Wl,-search_paths_first conftest.c  >&5
configure:24737:10: fatal error: 'pty.h' file not found
 24737 | #include <pty.h>
       |          ^~~~~~~
1 error generated.
configure:24756: $? = 1
configure: failed program was:
#line 24735 "configure"
#include "confdefs.h"

#include <pty.h>

int
main (void)
{

	int x = openpty((int *)0, (int *)0, (char *)0,
				   (struct termios *)0, (struct winsize *)0);
	(void)x;

  ;
  return 0;
}
configure:24753: /nest/build/Developer/Toolchains/Default.xctoolchain/usr/bin/clang -o conftest --sysroot=/Developer/Platforms/ravynOS.platform/Developer/SDKs/ravynOS.sdk -Qunused-arguments -Wno-error=implicit-function-declaration -no-cpp-precomp -D_DARWIN_C_SOURCE -DNDEBUG  -Wl,-search_paths_first conftest.c  >&5
configure:24737:10: fatal error: 'libutil.h' file not found
 24737 | #include <libutil.h>
       |          ^~~~~~~~~~~
1 error generated.
configure:24756: $? = 1
configure: failed program was:
#line 24735 "configure"
#include "confdefs.h"

#include <libutil.h>

int
main (void)
{

	int x = openpty((int *)0, (int *)0, (char *)0,
				   (struct termios *)0, (struct winsize *)0);
	(void)x;

  ;
  return 0;
}
configure:24753: /nest/build/Developer/Toolchains/Default.xctoolchain/usr/bin/clang -o conftest --sysroot=/Developer/Platforms/ravynOS.platform/Developer/SDKs/ravynOS.sdk -Qunused-arguments -Wno-error=implicit-function-declaration -no-cpp-precomp -D_DARWIN_C_SOURCE -DNDEBUG  -Wl,-search_paths_first conftest.c  >&5
ld: warning: building for macOS 10.2.0 is deprecated
ld: warning: Csu support file -lcrt1.o not found, changing to target macOS 10.8 where it is not needed
configure:24756: $? = 0
configure:24759: test -s conftest
configure:24762: $? = 0
configure:24780: result: util.h
configure:25422: checking if we can include stdbool.h
configure:25444: /nest/build/Developer/Toolchains/Default.xctoolchain/usr/bin/clang -c --sysroot=/Developer/Platforms/ravynOS.platform/Developer/SDKs/ravynOS.sdk -Qunused-arguments -Wno-error=implicit-function-declaration -no-cpp-precomp -D_DARWIN_C_SOURCE -DNDEBUG conftest.c >&5
configure:25447: $? = 0
configure:25450: test -s conftest.o
configure:25453: $? = 0
configure:25492: result: yes
configure:25500: checking for builtin bool type
configure:25521: /nest/build/Developer/Toolchains/Default.xctoolchain/usr/bin/clang -c --sysroot=/Developer/Platforms/ravynOS.platform/Developer/SDKs/ravynOS.sdk -Qunused-arguments -Wno-error=implicit-function-declaration -no-cpp-precomp -D_DARWIN_C_SOURCE -DNDEBUG conftest.c >&5
configure:25547:1: error: use of undeclared identifier 'bool'
 25547 | bool x = false; (void)x
       | ^
configure:25547:23: error: use of undeclared identifier 'x'
 25547 | bool x = false; (void)x
       |                       ^
2 errors generated.
configure:25524: $? = 1
configure: failed program was:
#line 25507 "configure"
#include "confdefs.h"

#include <stdio.h>
#if HAVE_SYS_TYPES_H
# include <sys/types.h>
#endif
#if HAVE_SYS_STAT_H
# include <sys/stat.h>
#endif
#if STDC_HEADERS
# include <stdlib.h>
# include <stddef.h>
#else
# if HAVE_STDLIB_H
#  include <stdlib.h>
# endif
#endif
#if HAVE_STRING_H
# if !STDC_HEADERS && HAVE_MEMORY_H
#  include <memory.h>
# endif
# include <string.h>
#endif
#if HAVE_STRINGS_H
# include <strings.h>
#endif
#if HAVE_INTTYPES_H
# include <inttypes.h>
#else
# if HAVE_STDINT_H
#  include <stdint.h>
# endif
#endif
#if HAVE_UNISTD_H
# include <unistd.h>
#endif

int
main (void)
{
bool x = false; (void)x
  ;
  return 0;
}
configure:25540: result: no
configure:27094: checking for bool
configure:27135: /nest/build/Developer/Toolchains/Default.xctoolchain/usr/bin/clang -c --sysroot=/Developer/Platforms/ravynOS.platform/Developer/SDKs/ravynOS.sdk -Qunused-arguments -Wno-error=implicit-function-declaration -no-cpp-precomp -D_DARWIN_C_SOURCE -DNDEBUG conftest.c >&5
configure:27138: $? = 0
configure:27141: test -s conftest.o
configure:27144: $? = 0
configure:27154: result: yes
configure:27157: checking size of bool
configure:27198: /nest/build/Developer/Toolchains/Default.xctoolchain/usr/bin/clang -c --sysroot=/Developer/Platforms/ravynOS.platform/Developer/SDKs/ravynOS.sdk -Qunused-arguments -Wno-error=implicit-function-declaration -no-cpp-precomp -D_DARWIN_C_SOURCE -DNDEBUG conftest.c >&5
configure:27201: $? = 0
configure:27204: test -s conftest.o
configure:27207: $? = 0
configure:27244: /nest/build/Developer/Toolchains/Default.xctoolchain/usr/bin/clang -c --sysroot=/Developer/Platforms/ravynOS.platform/Developer/SDKs/ravynOS.sdk -Qunused-arguments -Wno-error=implicit-function-declaration -no-cpp-precomp -D_DARWIN_C_SOURCE -DNDEBUG conftest.c >&5
configure:27270:14: error: '_array_' declared as an array with a negative size
 27270 | int _array_ [1 - 2 * !((sizeof (bool)) <= 0)]
       |              ^~~~~~~~~~~~~~~~~~~~~~~~~~~~~~~
1 error generated.
configure:27247: $? = 1
configure: failed program was:
#line 27212 "configure"
#include "confdefs.h"

#include <stdio.h>
#if HAVE_SYS_TYPES_H
# include <sys/types.h>
#endif
#if HAVE_SYS_STAT_H
# include <sys/stat.h>
#endif
#if STDC_HEADERS
# include <stdlib.h>
# include <stddef.h>
#else
# if HAVE_STDLIB_H
#  include <stdlib.h>
# endif
#endif
#if HAVE_STRING_H
# if !STDC_HEADERS && HAVE_MEMORY_H
#  include <memory.h>
# endif
# include <string.h>
#endif
#if HAVE_STRINGS_H
# include <strings.h>
#endif
#if HAVE_INTTYPES_H
# include <inttypes.h>
#else
# if HAVE_STDINT_H
#  include <stdint.h>
# endif
#endif
#if HAVE_UNISTD_H
# include <unistd.h>
#endif

#if defined(__cplusplus)

#ifdef HAVE_GXX_BUILTIN_H
#include <g++/builtin.h>
#elif HAVE_GPP_BUILTIN_H
#include <gpp/builtin.h>
#elif HAVE_BUILTIN_H
#include <builtin.h>
#endif

#else

#if 1
#include <stdbool.h>
#endif

#endif

int
main (void)
{
int _array_ [1 - 2 * !((sizeof (bool)) <= 0)]
  ;
  return 0;
}
configure:27244: /nest/build/Developer/Toolchains/Default.xctoolchain/usr/bin/clang -c --sysroot=/Developer/Platforms/ravynOS.platform/Developer/SDKs/ravynOS.sdk -Qunused-arguments -Wno-error=implicit-function-declaration -no-cpp-precomp -D_DARWIN_C_SOURCE -DNDEBUG conftest.c >&5
configure:27247: $? = 0
configure:27250: test -s conftest.o
configure:27253: $? = 0
configure:27445: result: 1
configure:27451: checking for type of bool
configure:27536: result: unsigned char
configure:27983: checking for wchar_t
configure:28004: /nest/build/Developer/Toolchains/Default.xctoolchain/usr/bin/clang -c --sysroot=/Developer/Platforms/ravynOS.platform/Developer/SDKs/ravynOS.sdk -Qunused-arguments -Wno-error=implicit-function-declaration -no-cpp-precomp -D_DARWIN_C_SOURCE -DNDEBUG conftest.c >&5
configure:28007: $? = 0
configure:28010: test -s conftest.o
configure:28013: $? = 0
configure:28023: result: yes
configure:28026: checking size of wchar_t
configure:28047: /nest/build/Developer/Toolchains/Default.xctoolchain/usr/bin/clang -c --sysroot=/Developer/Platforms/ravynOS.platform/Developer/SDKs/ravynOS.sdk -Qunused-arguments -Wno-error=implicit-function-declaration -no-cpp-precomp -D_DARWIN_C_SOURCE -DNDEBUG conftest.c >&5
configure:28050: $? = 0
configure:28053: test -s conftest.o
configure:28056: $? = 0
configure:28073: /nest/build/Developer/Toolchains/Default.xctoolchain/usr/bin/clang -c --sysroot=/Developer/Platforms/ravynOS.platform/Developer/SDKs/ravynOS.sdk -Qunused-arguments -Wno-error=implicit-function-declaration -no-cpp-precomp -D_DARWIN_C_SOURCE -DNDEBUG conftest.c >&5
configure:28099:14: error: '_array_' declared as an array with a negative size
 28099 | int _array_ [1 - 2 * !((sizeof (wchar_t)) <= 0)]
       |              ^~~~~~~~~~~~~~~~~~~~~~~~~~~~~~~~~~
1 error generated.
configure:28076: $? = 1
configure: failed program was:
#line 28061 "configure"
#include "confdefs.h"
#include <stdio.h>
#if HAVE_SYS_TYPES_H
# include <sys/types.h>
#endif
#if HAVE_SYS_STAT_H
# include <sys/stat.h>
#endif
#if STDC_HEADERS
# include <stdlib.h>
# include <stddef.h>
#else
# if HAVE_STDLIB_H
#  include <stdlib.h>
# endif
#endif
#if HAVE_STRING_H
# if !STDC_HEADERS && HAVE_MEMORY_H
#  include <memory.h>
# endif
# include <string.h>
#endif
#if HAVE_STRINGS_H
# include <strings.h>
#endif
#if HAVE_INTTYPES_H
# include <inttypes.h>
#else
# if HAVE_STDINT_H
#  include <stdint.h>
# endif
#endif
#if HAVE_UNISTD_H
# include <unistd.h>
#endif
int
main (void)
{
int _array_ [1 - 2 * !((sizeof (wchar_t)) <= 0)]
  ;
  return 0;
}
configure:28073: /nest/build/Developer/Toolchains/Default.xctoolchain/usr/bin/clang -c --sysroot=/Developer/Platforms/ravynOS.platform/Developer/SDKs/ravynOS.sdk -Qunused-arguments -Wno-error=implicit-function-declaration -no-cpp-precomp -D_DARWIN_C_SOURCE -DNDEBUG conftest.c >&5
configure:28099:14: error: '_array_' declared as an array with a negative size
 28099 | int _array_ [1 - 2 * !((sizeof (wchar_t)) <= 1)]
       |              ^~~~~~~~~~~~~~~~~~~~~~~~~~~~~~~~~~
1 error generated.
configure:28076: $? = 1
configure: failed program was:
#line 28061 "configure"
#include "confdefs.h"
#include <stdio.h>
#if HAVE_SYS_TYPES_H
# include <sys/types.h>
#endif
#if HAVE_SYS_STAT_H
# include <sys/stat.h>
#endif
#if STDC_HEADERS
# include <stdlib.h>
# include <stddef.h>
#else
# if HAVE_STDLIB_H
#  include <stdlib.h>
# endif
#endif
#if HAVE_STRING_H
# if !STDC_HEADERS && HAVE_MEMORY_H
#  include <memory.h>
# endif
# include <string.h>
#endif
#if HAVE_STRINGS_H
# include <strings.h>
#endif
#if HAVE_INTTYPES_H
# include <inttypes.h>
#else
# if HAVE_STDINT_H
#  include <stdint.h>
# endif
#endif
#if HAVE_UNISTD_H
# include <unistd.h>
#endif
int
main (void)
{
int _array_ [1 - 2 * !((sizeof (wchar_t)) <= 1)]
  ;
  return 0;
}
configure:28073: /nest/build/Developer/Toolchains/Default.xctoolchain/usr/bin/clang -c --sysroot=/Developer/Platforms/ravynOS.platform/Developer/SDKs/ravynOS.sdk -Qunused-arguments -Wno-error=implicit-function-declaration -no-cpp-precomp -D_DARWIN_C_SOURCE -DNDEBUG conftest.c >&5
configure:28099:14: error: '_array_' declared as an array with a negative size
 28099 | int _array_ [1 - 2 * !((sizeof (wchar_t)) <= 3)]
       |              ^~~~~~~~~~~~~~~~~~~~~~~~~~~~~~~~~~
1 error generated.
configure:28076: $? = 1
configure: failed program was:
#line 28061 "configure"
#include "confdefs.h"
#include <stdio.h>
#if HAVE_SYS_TYPES_H
# include <sys/types.h>
#endif
#if HAVE_SYS_STAT_H
# include <sys/stat.h>
#endif
#if STDC_HEADERS
# include <stdlib.h>
# include <stddef.h>
#else
# if HAVE_STDLIB_H
#  include <stdlib.h>
# endif
#endif
#if HAVE_STRING_H
# if !STDC_HEADERS && HAVE_MEMORY_H
#  include <memory.h>
# endif
# include <string.h>
#endif
#if HAVE_STRINGS_H
# include <strings.h>
#endif
#if HAVE_INTTYPES_H
# include <inttypes.h>
#else
# if HAVE_STDINT_H
#  include <stdint.h>
# endif
#endif
#if HAVE_UNISTD_H
# include <unistd.h>
#endif
int
main (void)
{
int _array_ [1 - 2 * !((sizeof (wchar_t)) <= 3)]
  ;
  return 0;
}
configure:28073: /nest/build/Developer/Toolchains/Default.xctoolchain/usr/bin/clang -c --sysroot=/Developer/Platforms/ravynOS.platform/Developer/SDKs/ravynOS.sdk -Qunused-arguments -Wno-error=implicit-function-declaration -no-cpp-precomp -D_DARWIN_C_SOURCE -DNDEBUG conftest.c >&5
configure:28076: $? = 0
configure:28079: test -s conftest.o
configure:28082: $? = 0
configure:28147: /nest/build/Developer/Toolchains/Default.xctoolchain/usr/bin/clang -c --sysroot=/Developer/Platforms/ravynOS.platform/Developer/SDKs/ravynOS.sdk -Qunused-arguments -Wno-error=implicit-function-declaration -no-cpp-precomp -D_DARWIN_C_SOURCE -DNDEBUG conftest.c >&5
configure:28150: $? = 0
configure:28153: test -s conftest.o
configure:28156: $? = 0
configure:28147: /nest/build/Developer/Toolchains/Default.xctoolchain/usr/bin/clang -c --sysroot=/Developer/Platforms/ravynOS.platform/Developer/SDKs/ravynOS.sdk -Qunused-arguments -Wno-error=implicit-function-declaration -no-cpp-precomp -D_DARWIN_C_SOURCE -DNDEBUG conftest.c >&5
configure:28150: $? = 0
configure:28153: test -s conftest.o
configure:28156: $? = 0
configure:28214: result: 4
configure:28245: checking for library subsets
configure:28302: result: ticlib+termlib+ext_tinfo+base+widechar+ext_funcs
configure:28333: checking default library suffix
configure:28344: result: w
configure:28347: checking default library-dependency suffix
configure:28430: result: w.a
configure:28433: checking default object directory
configure:28449: result: objects
configure:28811: checking where we will install curses.h
configure:28821: result: ${prefix}/include
configure:28854: checking for desired basename for form library
configure:28874: result: form
configure:28877: checking for desired basename for menu library
configure:28897: result: menu
configure:28900: checking for desired basename for panel library
configure:28920: result: panel
configure:28923: checking for desired basename for cxx library
configure:28943: result: ncurses++
configure:28949: checking for src modules
configure:29008: result: ncurses panel menu form
configure:29159: checking for tbl
configure:29176: found /usr/bin/tbl
configure:29187: result: /usr/bin/tbl
configure:29194: checking if /usr/bin/tbl supports 'x' column modifier
configure:29231: result: unknown
configure:29236: checking format of man pages
configure:29327: result:  gzip
configure:29371: checking for man page renaming
configure:29405: result: no
configure:29408: checking if man page aliases will be installed
configure:29419: result: yes
configure:29433: checking if man page symlinks should be used
configure:29452: result: yes
configure:29456: checking for man page tbl
configure:29467: result: no
configure:29845: checking for defines to add to ncursesw6-config script
configure:29861: result:  -D_DARWIN_C_SOURCE -DNCURSES_WIDECHAR
configure:29960: checking for linker search path
configure:30049: result: /usr/lib /lib
configure:30139: creating ./config.status

## ----------------------- ##
## Running config.status.  ##
## ----------------------- ##

This file was extended by config.status 2.52.20250126, executed with
  CONFIG_FILES    = 
  CONFIG_HEADERS  = 
  CONFIG_LINKS    = 
  CONFIG_COMMANDS = 
  > "./config.status "
on tsuki

config.status:31006: creating include/MKterm.h.awk
config.status:31006: creating include/curses.head
config.status:31006: creating include/ncurses_dll.h
config.status:31006: creating include/nc_win32.h
config.status:31006: creating include/termcap.h
config.status:31006: creating include/unctrl.h
config.status:31006: creating man/MKterminfo.tmp
config.status:31006: creating man/man_db.renames
config.status:31006: creating include/Makefile
config.status:31006: creating ncurses/Makefile
config.status:31006: creating panel/Makefile
config.status:31006: creating menu/Makefile
config.status:31006: creating form/Makefile
config.status:31006: creating misc/Makefile
config.status:31006: creating misc/ncurses-config
config.status:31006: creating man/ncursesw6-config.1
config.status:31006: creating Makefile
config.status:31167: creating include/ncurses_cfg.h

## ----------------- ##
## Cache variables.  ##
## ----------------- ##

ac_cv_build=x86_64-pc-linux-gnu
ac_cv_build_alias=x86_64-pc-linux-gnu
ac_cv_c_compiler_gnu=yes
ac_cv_c_const=yes
ac_cv_c_inline=inline
ac_cv_env_CC_set=set
ac_cv_env_CC_value=/nest/build/Developer/Toolchains/Default.xctoolchain/usr/bin/clang
ac_cv_env_CFLAGS_set=set
ac_cv_env_CFLAGS_value=--sysroot=/Developer/Platforms/ravynOS.platform/Developer/SDKs/ravynOS.sdk
ac_cv_env_CPPFLAGS_set=
ac_cv_env_CPPFLAGS_value=
ac_cv_env_CPP_set=
ac_cv_env_CPP_value=
ac_cv_env_CXXCPP_set=
ac_cv_env_CXXCPP_value=
ac_cv_env_CXXFLAGS_set=
ac_cv_env_CXXFLAGS_value=
ac_cv_env_CXX_set=set
ac_cv_env_CXX_value=/nest/build/Developer/Toolchains/Default.xctoolchain/usr/bin/clang++
ac_cv_env_LDFLAGS_set=
ac_cv_env_LDFLAGS_value=
ac_cv_env_build_alias_set=
ac_cv_env_build_alias_value=
ac_cv_env_host_alias_set=set
ac_cv_env_host_alias_value=x86_64-apple-darwin
ac_cv_env_target_alias_set=
ac_cv_env_target_alias_value=
ac_cv_func_btowc=yes
ac_cv_func_clock_gettime=yes
ac_cv_func_fork=yes
ac_cv_func_fork_works=yes
ac_cv_func_fpathconf=yes
ac_cv_func_fseeko=yes
ac_cv_func_getauxval=no
ac_cv_func_getcwd=yes
ac_cv_func_getegid=yes
ac_cv_func_getenv=yes
ac_cv_func_geteuid=yes
ac_cv_func_getopt=yes
ac_cv_func_getuid=yes
ac_cv_func_issetugid=yes
ac_cv_func_link=yes
ac_cv_func_localeconv=yes
ac_cv_func_mblen=yes
ac_cv_func_mbrlen=yes
ac_cv_func_mbrtowc=yes
ac_cv_func_mbsrtowcs=yes
ac_cv_func_mbstowcs=yes
ac_cv_func_mbtowc=yes
ac_cv_func_memmove=yes
ac_cv_func_mkstemp=yes
ac_cv_func_poll=yes
ac_cv_func_putenv=yes
ac_cv_func_putwc=yes
ac_cv_func_regcomp=yes
ac_cv_func_remove=yes
ac_cv_func_select=yes
ac_cv_func_setbuf=yes
ac_cv_func_setbuffer=yes
ac_cv_func_setenv=yes
ac_cv_func_setfsuid=no
ac_cv_func_setvbuf=yes
ac_cv_func_sigaction=yes
ac_cv_func_sigvec=yes
ac_cv_func_snprintf=yes
ac_cv_func_strdup=yes
ac_cv_func_strstr=yes
ac_cv_func_symlink=yes
ac_cv_func_sysconf=yes
ac_cv_func_tcgetpgrp=yes
ac_cv_func_times=yes
ac_cv_func_tsearch=yes
ac_cv_func_unlink=yes
ac_cv_func_vfork=yes
ac_cv_func_vfork_works=yes
ac_cv_func_vsnprintf=yes
ac_cv_func_wcsrtombs=yes
ac_cv_func_wcstombs=yes
ac_cv_func_wctob=yes
ac_cv_func_wctomb=yes
ac_cv_func_wcwidth=yes
ac_cv_func_wmemchr=yes
ac_cv_have_decl_exit=yes
ac_cv_header_alloca_h=yes
ac_cv_header_dirent_dirent_h=yes
ac_cv_header_fcntl_h=yes
ac_cv_header_getopt_h=yes
ac_cv_header_gpm_h=yes
ac_cv_header_inttypes_h=yes
ac_cv_header_limits_h=yes
ac_cv_header_locale_h=yes
ac_cv_header_malloc_h=yes
ac_cv_header_math_h=yes
ac_cv_header_memory_h=yes
ac_cv_header_poll_h=yes
ac_cv_header_sgtty_h=yes
ac_cv_header_stdc=yes
ac_cv_header_stdint_h=yes
ac_cv_header_stdlib_h=yes
ac_cv_header_string_h=yes
ac_cv_header_strings_h=yes
ac_cv_header_sys_auxv_h=yes
ac_cv_header_sys_fsuid_h=yes
ac_cv_header_sys_ioctl_h=yes
ac_cv_header_sys_param_h=yes
ac_cv_header_sys_poll_h=yes
ac_cv_header_sys_select_h=yes
ac_cv_header_sys_stat_h=yes
ac_cv_header_sys_termio_h=no
ac_cv_header_sys_time_h=yes
ac_cv_header_sys_times_h=yes
ac_cv_header_sys_types_h=yes
ac_cv_header_termio_h=no
ac_cv_header_termios_h=yes
ac_cv_header_time=yes
ac_cv_header_unistd_h=yes
ac_cv_header_vfork_h=no
ac_cv_header_wchar_h=yes
ac_cv_header_wctype_h=yes
ac_cv_host=x86_64-apple-darwin
ac_cv_host_alias=x86_64-apple-darwin
ac_cv_lib_dir_opendir=no
ac_cv_lib_gpm_Gpm_Open=no
ac_cv_lib_util_openpty=no
ac_cv_objext=o
ac_cv_path_EGREP='grep -E'
ac_cv_path_FGREP='grep -F'
ac_cv_path_NROFF_TBL=/usr/bin/tbl
ac_cv_path_ac_pt_PKG_CONFIG=/usr/bin/pkg-config
ac_cv_path_install='/usr/bin/install -c'
ac_cv_prog_AR=ar
ac_cv_prog_AWK=gawk
ac_cv_prog_BUILD_CC=gcc
ac_cv_prog_CC=/nest/build/Developer/Toolchains/Default.xctoolchain/usr/bin/clang
ac_cv_prog_CPP='/nest/build/Developer/Toolchains/Default.xctoolchain/usr/bin/clang -E'
ac_cv_prog_ETAGS=etags
ac_cv_prog_GREP=grep
ac_cv_prog_LD=/nest/build/Developer/Toolchains/Default.xctoolchain/usr/bin/ld64
ac_cv_prog_MAKE_LOWER_TAGS=no
ac_cv_prog_MAKE_UPPER_TAGS=yes
ac_cv_prog_ac_ct_AR=ar
ac_cv_prog_ac_ct_INFOCMP=infocmp
ac_cv_prog_ac_ct_NM=nm
ac_cv_prog_ac_ct_RANLIB=ranlib
ac_cv_prog_ac_ct_TIC=tic
ac_cv_prog_cc_g=yes
ac_cv_prog_cc_stdc=
ac_cv_prog_gcc_traditional=no
ac_cv_prog_make_make_set=yes
ac_cv_sizeof_bool=1
ac_cv_sizeof_signed_char=1
ac_cv_sizeof_wchar_t=4
ac_cv_sys_file_offset_bits=no
ac_cv_sys_large_files=no
ac_cv_sys_largefile_CC=no
ac_cv_sys_largefile_source=no
ac_cv_sys_long_file_names=yes
ac_cv_target=x86_64-apple-darwin
ac_cv_target_alias=x86_64-apple-darwin
ac_cv_type_bool=yes
ac_cv_type_cc_t=yes
ac_cv_type_intptr_t=yes
ac_cv_type_pid_t=yes
ac_cv_type_signed_char=yes
ac_cv_type_sigset_t=yes
ac_cv_type_speed_t=yes
ac_cv_type_ssize_t=yes
ac_cv_type_tcflag_t=yes
ac_cv_type_wchar_t=yes
am_cv_langinfo_codeset=yes
cf_cv_1UL=1U
cf_cv_PATH_TTYS=yes
cf_cv_abi_default=6
cf_cv_abi_version=6
cf_cv_ar_flags=-curvU
cf_cv_builtin_bool=yes
cf_cv_c11_noreturn=no,
cf_cv_cc_bool_type=no
cf_cv_consistent_getenv=unknown
cf_cv_dcl_environ=no
cf_cv_dcl_errno=yes
cf_cv_define_sigwinch=yes
cf_cv_do_reranlib=no
cf_cv_do_symlinks=yes
cf_cv_enable_lp64=1
cf_cv_enable_opaque=NCURSES_OPAQUE
cf_cv_enable_reentrant=0
cf_cv_enable_sigwinch=1
cf_cv_fopen_bin_r=unknown
cf_cv_func_clock_gettime=yes
cf_cv_func_getttynam=yes
cf_cv_func_mkstemp=maybe
cf_cv_func_nanosleep=unknown
cf_cv_func_openpty=util.h
cf_cv_func_vsscanf=vsscanf
cf_cv_getopt_header=unistd.h
cf_cv_have_PATH_TTYS=unknown
cf_cv_have_environ=yes
cf_cv_have_errno=yes
cf_cv_have_isascii=yes
cf_cv_have_libm=yes
cf_cv_have_tcgetattr=yes
cf_cv_have_va_copy=yes
cf_cv_header_stdbool_h=yes
cf_cv_install_p=yes
cf_cv_ld_searchpath='/usr/lib /lib'
cf_cv_ldflags_search_paths_first=yes
cf_cv_lib_util=no
cf_cv_link_dataonly=unknown
cf_cv_make_PHONY=yes
cf_cv_mb_len_max=yes
cf_cv_mbstate_t=yes
cf_cv_mixedcase=yes
cf_cv_multiuser=yes
cf_cv_need_libm=no
cf_cv_posix_visible=no
cf_cv_prog_CC_c_o=yes
cf_cv_regex_hdrs=regex.h
cf_cv_rel_version=6.6
cf_cv_rm_so_locs=no
cf_cv_shlib_version=abi
cf_cv_shlib_version_infix=yes
cf_cv_sig_atomic_t='volatile sig_atomic_t'
cf_cv_sizechange=yes
cf_cv_src_modules='ncurses panel menu form'
cf_cv_struct_dirent64=no
cf_cv_sys_time_select=yes
cf_cv_system_name=darwin
cf_cv_tbl_x_option_okay=unknown
cf_cv_test_clock_gettime=yes
cf_cv_timestamp='Sat Apr 18 22:22:37 EDT 2026'
cf_cv_type_of_bool='unsigned char'
cf_cv_type_sigaction=no
cf_cv_typeof_chtype=uint32_t
cf_cv_typeof_mmask_t=uint32_t
cf_cv_unsigned_literals=yes
cf_cv_wchar_h_okay=yes
cf_cv_wchar_t=no
cf_cv_wcwidth_graphics=unknown
cf_cv_wint_t=yes
cf_cv_working_poll=unknown

## ------------ ##
## confdefs.h.  ##
## ------------ ##

#define PACKAGE "ncurses"
#define NCURSES_VERSION "6.6"
#define NCURSES_PATCHDATE 20251230
#define SYSTEM_NAME "darwin"
#define HAVE_LONG_FILE_NAMES 1
#define MIXEDCASE_FILENAMES 1
#define STDC_HEADERS 1
#define HAVE_SYS_TYPES_H 1
#define HAVE_SYS_STAT_H 1
#define HAVE_STDLIB_H 1
#define HAVE_STRING_H 1
#define HAVE_MEMORY_H 1
#define HAVE_STRINGS_H 1
#define HAVE_INTTYPES_H 1
#define HAVE_STDINT_H 1
#define HAVE_UNISTD_H 1
#define HAVE_DIRENT_H 1
#define HAVE_GPM_H 1
#define TERMPATH "/etc/termcap:/usr/share/misc/termcap"
#define USE_HOME_TERMINFO 1
#define USE_ROOT_ENVIRON 1
#define USE_ROOT_ACCESS 1
#define USE_SETUID_ENVIRON 1
#define HAVE_UNISTD_H 1
#define HAVE_REMOVE 1
#define HAVE_UNLINK 1
#define HAVE_LINK 1
#define HAVE_SYMLINK 1
#define USE_LINKS 1
#define HAVE_LANGINFO_CODESET 1
#define USE_WIDEC_SUPPORT 1
#define NCURSES_WIDECHAR 1
#define HAVE_WCHAR_H 1
#define HAVE_WCTYPE_H 1
#define HAVE_PUTWC 1
#define HAVE_BTOWC 1
#define HAVE_WCTOB 1
#define HAVE_WMEMCHR 1
#define HAVE_MBTOWC 1
#define HAVE_WCTOMB 1
#define HAVE_MBLEN 1
#define HAVE_MBRLEN 1
#define HAVE_MBRTOWC 1
#define HAVE_WCSRTOMBS 1
#define HAVE_MBSRTOWCS 1
#define HAVE_WCSTOMBS 1
#define HAVE_MBSTOWCS 1
#define HAVE_WCWIDTH 1
#define NEED_WCHAR_H 1
#define NEED_WCHAR_H 1
#define HAVE_FSEEKO 1
#define RGB_PATH "/usr/lib64/X11/rgb.txt"
#define SIZEOF_SIGNED_CHAR 1
#define NCURSES_EXT_FUNCS 1
#define HAVE_ASSUME_DEFAULT_COLORS 1
#define HAVE_CURSES_VERSION 1
#define HAVE_HAS_KEY 1
#define HAVE_RESIZETERM 1
#define HAVE_RESIZE_TERM 1
#define HAVE_TERM_ENTRY_H 1
#define HAVE_USE_DEFAULT_COLORS 1
#define HAVE_USE_SCREEN 1
#define HAVE_USE_WINDOW 1
#define HAVE_WRESIZE 1
#define NCURSES_SP_FUNCS 1
#define HAVE_TPUTS_SP 1
#define NCURSES_EXT_COLORS 1
#define HAVE_ALLOC_PAIR 1
#define HAVE_INIT_EXTENDED_COLOR 1
#define HAVE_RESET_COLOR_PAIRS 1
#define NCURSES_EXT_PUTWIN 1
#define NCURSES_NO_PADDING 1
#define USE_SIGWINCH 1
#define NCURSES_XNAMES 1
#define NCURSES_WRAP_PREFIX "_nc_"
#define USE_ASSUMED_COLOR 1
#define USE_HASHMAP 1
#define GCC_SCANF 1
#define GCC_SCANF 1
#define GCC_SCANFLIKE(fmt,var) __attribute__((format(scanf,fmt,var)))
#define GCC_PRINTF 1
#define GCC_PRINTF 1
#define GCC_PRINTFLIKE(fmt,var) __attribute__((format(printf,fmt,var)))
#define GCC_UNUSED __attribute__((unused))
#define GCC_UNUSED __attribute__((unused))
#define GCC_NORETURN __attribute__((noreturn))
#define GCC_NORETURN __attribute__((noreturn))
#define HAVE_NC_ALLOC_H 1
#define HAVE_MATH_FUNCS 1
#define TIME_WITH_SYS_TIME 1
#define HAVE_REGEX_H_FUNCS 1
#define HAVE_ALLOCA_H 1
#define HAVE_FCNTL_H 1
#define HAVE_GETOPT_H 1
#define HAVE_LIMITS_H 1
#define HAVE_LOCALE_H 1
#define HAVE_MALLOC_H 1
#define HAVE_MATH_H 1
#define HAVE_POLL_H 1
#define HAVE_SYS_AUXV_H 1
#define HAVE_SYS_FSUID_H 1
#define HAVE_SYS_IOCTL_H 1
#define HAVE_SYS_PARAM_H 1
#define HAVE_SYS_POLL_H 1
#define HAVE_SYS_SELECT_H 1
#define HAVE_SYS_TIME_H 1
#define HAVE_SYS_TIMES_H 1
#define HAVE_UNISTD_H 1
#define HAVE_WCTYPE_H 1
#define HAVE_GETOPT_H 1
#define HAVE_GETOPT_HEADER 1
#define DECL_ENVIRON 1
#define HAVE_ENVIRON 1
#define HAVE_PUTENV 1
#define HAVE_SETENV 1
#define HAVE_STRDUP 1
#define HAVE_SYS_TIME_SELECT 1
#define SIG_ATOMIC_T volatile sig_atomic_t
#define HAVE_ERRNO 1
#define HAVE_CLOCK_GETTIME 1
#define HAVE_FPATHCONF 1
#define HAVE_GETCWD 1
#define HAVE_GETEGID 1
#define HAVE_GETEUID 1
#define HAVE_GETOPT 1
#define HAVE_GETUID 1
#define HAVE_ISSETUGID 1
#define HAVE_LOCALECONV 1
#define HAVE_POLL 1
#define HAVE_REMOVE 1
#define HAVE_SELECT 1
#define HAVE_SETBUF 1
#define HAVE_SETBUFFER 1
#define HAVE_SETVBUF 1
#define HAVE_SIGACTION 1
#define HAVE_SIGVEC 1
#define HAVE_SNPRINTF 1
#define HAVE_STRDUP 1
#define HAVE_STRSTR 1
#define HAVE_SYSCONF 1
#define HAVE_TCGETPGRP 1
#define HAVE_TIMES 1
#define HAVE_TSEARCH 1
#define HAVE_VSNPRINTF 1
#define HAVE_PATH_TTYS 1
#define HAVE_GETTTYNAM 1
#define HAVE_ISASCII 1
#define HAVE_SGTTY_H 1
#define HAVE_TERMIOS_H 1
#define HAVE_UNISTD_H 1
#define HAVE_SYS_IOCTL_H 1
#define HAVE_TCGETATTR 1
#define HAVE_VSSCANF 1
#define HAVE_UNISTD_H 1
#define HAVE_MKSTEMP 1
#define HAVE_SIZECHANGE 1
#define HAVE_CONSISTENT_MB_LEN_MAX 1
#define HAVE_VA_COPY 1
#define HAVE_UNISTD_H 1
#define HAVE_FORK 1
#define HAVE_VFORK 1
#define HAVE_WORKING_VFORK 1
#define HAVE_WORKING_FORK 1
#define USE_FOPEN_BIN_R 1
#define HAVE_CC_T 1
#define HAVE_SPEED_T 1
#define HAVE_TCFLAG_T 1
#define HAVE_SIGSET_T 1
#define USE_OPENPTY_HEADER <util.h>
#define USE_XTERM_PTY 1
#define USE_STDBOOL_H 1
#define SIZEOF_BOOL 1
#define SIZEOF_WCHAR_T 4
#define HAVE_SLK_COLOR 1
#define HAVE_PANEL_H 1
#define HAVE_LIBPANEL 1
#define HAVE_MENU_H 1
#define HAVE_LIBMENU 1
#define HAVE_FORM_H 1
#define HAVE_LIBFORM 1
#define NCURSES_PATHSEP ':'
#define NCURSES_VERSION_STRING "6.6.20251230"
#define NCURSES_OSPEED_COMPAT 1


configure: exit 0
